id,name,slug,parent_id,parent_name,count,depth
918,AEG,aeg,0,ROOT,1,0
1233,Amana,amana,0,ROOT,6,0
282,Bauknecht,bauknecht,0,ROOT,5,0
612,Beko,beko,0,ROOT,40,0
635,Bellers,%d7%91%d7%9c%d7%a8%d7%a1,0,ROOT,2,0
319,BLOMBERG,blomberg,0,ROOT,182,0
303,BOSE,bose,0,ROOT,6,0
615,Candy,candy,0,ROOT,8,0
1219,CHIQ,chiq,0,ROOT,1,0
817,CROWN,crown,0,ROOT,7,0
274,De'Longhi,de-longi,0,ROOT,63,0
335,DE-DIETRICH,de-dietrich,0,ROOT,6,0
342,FHIABA,fhiaba,0,ROOT,1,0
858,GENERAL,general,0,ROOT,5,0
327,GRUNDIG,grundig,0,ROOT,56,0
266,HAIER,haier,0,ROOT,35,0
1058,HISENES,hisenes,0,ROOT,2,0
295,HOOVER,hoover,0,ROOT,9,0
1320,Hyundai,hyundai,0,ROOT,1,0
290,INDESIT,indesit,0,ROOT,6,0
306,JBL,jbl,0,ROOT,1,0
867,KING,king,0,ROOT,1,0
138,KitchenAid,kitchenaid,0,ROOT,26,0
1209,KRUPS,krups,0,ROOT,1,0
638,LACASSA,lacassa,0,ROOT,8,0
641,LAVAMAT,lavamat,0,ROOT,9,0
139,Magimix,magimix,0,ROOT,72,0
299,Moulinex,moulinex,0,ROOT,13,0
367,Philips,philips,0,ROOT,16,0
631,PILOT,pilot,0,ROOT,8,0
965,Rosieres,rosieres,0,ROOT,1,0
1153,Rowenta,rowenta,0,ROOT,1,0
309,Samurai,samurai,0,ROOT,1,0
1354,Schneider,schneider,0,ROOT,1,0
1298,Scholtes,scholtes,0,ROOT,1,0
224,SHARP,sharp,0,ROOT,152,0
863,STARK,stark,0,ROOT,3,0
1052,TCL,tcl,0,ROOT,2,0
375,Tech,tech,0,ROOT,5,0
891,Technogas,technogas,0,ROOT,1,0
293,TEFAL,tefal,0,ROOT,14,0
1117,TOSHIBA,toshiba,0,ROOT,1,0
313,ZANUSSI,zanussi,0,ROOT,20,0
155,אביזרים נלווים,%d7%90%d7%91%d7%99%d7%96%d7%a8%d7%99%d7%9d-%d7%a0%d7%9c%d7%95%d7%95%d7%99%d7%9d,0,ROOT,17,0
15,כללי,%d7%9b%d7%9c%d7%9c%d7%99,0,ROOT,7,0
927,אביזרים וחלקי חילוף למיקסר קיצ'נאייד,%d7%90%d7%91%d7%99%d7%96%d7%a8%d7%99%d7%9d-%d7%95%d7%97%d7%9c%d7%a7%d7%99-%d7%97%d7%99%d7%9c%d7%95%d7%a3-%d7%9c%d7%9e%d7%99%d7%a7%d7%a1%d7%a8-%d7%a7%d7%99%d7%a6%d7%a0%d7%90%d7%99%d7%99%d7%93,138,KitchenAid,23,1
928,אביזרים וחלקי חילוף למעבד מזון קיצ'נאייד,%d7%90%d7%91%d7%99%d7%96%d7%a8%d7%99%d7%9d-%d7%95%d7%97%d7%9c%d7%a7%d7%99-%d7%97%d7%99%d7%9c%d7%95%d7%a3-%d7%9c%d7%9e%d7%a2%d7%91%d7%93-%d7%9e%d7%96%d7%95%d7%9f-%d7%a7%d7%99%d7%a6%d7%a0%d7%90%d7%99,138,KitchenAid,0,1
144,שונות,%d7%a9%d7%95%d7%a0%d7%95%d7%aa,138,KitchenAid,3,1
582,אביזרים וחלקי חילוף לבלנדר מג'מיקס,%d7%90%d7%91%d7%99%d7%96%d7%a8%d7%99%d7%9d-%d7%95%d7%97%d7%9c%d7%a7%d7%99-%d7%97%d7%99%d7%9c%d7%95%d7%a3-%d7%9c%d7%91%d7%9c%d7%a0%d7%93%d7%a8-%d7%9e%d7%92%d7%9e%d7%99%d7%a7%d7%a1,139,Magimix,2,1
584,אביזרים וחלקי חילוף למסחטת מיץ,%d7%90%d7%91%d7%99%d7%96%d7%a8%d7%99%d7%9d-%d7%95%d7%97%d7%9c%d7%a7%d7%99-%d7%97%d7%99%d7%9c%d7%95%d7%a3-%d7%9c%d7%9e%d7%a1%d7%97%d7%98%d7%aa-%d7%9e%d7%99%d7%a5,139,Magimix,2,1
940,אביזרים וחלקי חילוף למעבד מזון מג'ימיקס,%d7%90%d7%91%d7%99%d7%96%d7%a8%d7%99%d7%9d-%d7%95%d7%97%d7%9c%d7%a7%d7%99-%d7%97%d7%99%d7%9c%d7%95%d7%a3-%d7%9c%d7%9e%d7%a2%d7%91%d7%93-%d7%9e%d7%96%d7%95%d7%9f-%d7%9e%d7%92%d7%99%d7%9e%d7%99%d7%a7,139,Magimix,68,1
159,אביזרים למדיחי כלים,%d7%90%d7%91%d7%99%d7%96%d7%a8%d7%99%d7%9d-%d7%9c%d7%9e%d7%93%d7%99%d7%97%d7%99-%d7%9b%d7%9c%d7%99%d7%9d,155,אביזרים נלווים,5,1
157,אביזרים למכונות כביסה וייבוש,%d7%90%d7%91%d7%99%d7%96%d7%a8%d7%99%d7%9d-%d7%9c%d7%9e%d7%9b%d7%95%d7%a0%d7%95%d7%aa-%d7%9b%d7%91%d7%99%d7%a1%d7%94-%d7%95%d7%99%d7%99%d7%91%d7%95%d7%a9,155,אביזרים נלווים,8,1
156,חומרי ניקוי ותחזוקה,%d7%97%d7%95%d7%9e%d7%a8%d7%99-%d7%a0%d7%99%d7%a7%d7%95%d7%99-%d7%95%d7%aa%d7%97%d7%96%d7%95%d7%a7%d7%94,155,אביזרים נלווים,11,1
161,שונות,%d7%a9%d7%95%d7%a0%d7%95%d7%aa-%d7%90%d7%91%d7%99%d7%96%d7%a8%d7%99%d7%9d-%d7%a0%d7%9c%d7%95%d7%95%d7%99%d7%9d,155,אביזרים נלווים,3,1
513,SJ-S3835-IN,sj-s3835-in,224,SHARP,0,1
830,אביזרים וחלקי חילוף למטהר אוויר שארפ,%d7%9e%d7%98%d7%94%d7%a8-%d7%90%d7%95%d7%95%d7%99%d7%a8,224,SHARP,13,1
822,אביזרים וחלקי חילוף למייבש כביסה שארפ,%d7%9e%d7%99%d7%99%d7%91%d7%a9-sharp,224,SHARP,1,1
254,אביזרים וחלקי חילוף למקרר שארפ 4 דלתות,%d7%9e%d7%a7%d7%a8%d7%a8-4-%d7%93%d7%9c%d7%aa%d7%95%d7%aa,224,SHARP,59,1
255,אביזרים וחלקי חילוף למקרר שארפ 5 דלתות,%d7%9e%d7%a7%d7%a8%d7%a8-5-%d7%93%d7%9c%d7%aa%d7%95%d7%aa,224,SHARP,26,1
253,אביזרים וחלקי חילוף למקרר שארפ מקפיא עליון,%d7%9e%d7%a7%d7%a8%d7%a8-%d7%9e%d7%a7%d7%a4%d7%99%d7%90-%d7%a2%d7%9c%d7%99%d7%95%d7%9f,224,SHARP,66,1
1384,SJ-2131SL,sj-2131sl,253,אביזרים וחלקי חילוף למקרר שארפ מקפיא עליון,1,2
1385,SJ-2131WH,sj-2131wh,253,אביזרים וחלקי חילוף למקרר שארפ מקפיא עליון,1,2
1383,SJ-2256,sj-2256,253,אביזרים וחלקי חילוף למקרר שארפ מקפיא עליון,1,2
1382,SJ-2266,sj-2266,253,אביזרים וחלקי חילוף למקרר שארפ מקפיא עליון,1,2
1041,SJ-2267,sj-2267,253,אביזרים וחלקי חילוף למקרר שארפ מקפיא עליון,1,2
516,SJ-2267SL,sj-2267sl,253,אביזרים וחלקי חילוף למקרר שארפ מקפיא עליון,6,2
1042,SJ-2269,sj-2269,253,אביזרים וחלקי חילוף למקרר שארפ מקפיא עליון,1,2
1043,SJ-2275,sj-2275,253,אביזרים וחלקי חילוף למקרר שארפ מקפיא עליון,1,2
1044,SJ-2367,sj-2367,253,אביזרים וחלקי חילוף למקרר שארפ מקפיא עליון,1,2
1045,SJ-2369,sj-2369,253,אביזרים וחלקי חילוף למקרר שארפ מקפיא עליון,1,2
1046,SJ-2375,sj-2375,253,אביזרים וחלקי חילוף למקרר שארפ מקפיא עליון,1,2
1381,SJ-3256,sj-3256,253,אביזרים וחלקי חילוף למקרר שארפ מקפיא עליון,1,2
1104,SJ-3350,sj-3350,253,אביזרים וחלקי חילוף למקרר שארפ מקפיא עליון,1,2
1105,SJ-3355,sj-3355,253,אביזרים וחלקי חילוף למקרר שארפ מקפיא עליון,2,2
1106,SJ-3360,sj-3360,253,אביזרים וחלקי חילוף למקרר שארפ מקפיא עליון,2,2
1107,SJ-3650,sj-3650,253,אביזרים וחלקי חילוף למקרר שארפ מקפיא עליון,1,2
1108,SJ-3655,sj-3655,253,אביזרים וחלקי חילוף למקרר שארפ מקפיא עליון,2,2
1109,SJ-4350,sj-4350,253,אביזרים וחלקי חילוף למקרר שארפ מקפיא עליון,2,2
1110,SJ-4355,sj-4355,253,אביזרים וחלקי חילוף למקרר שארפ מקפיא עליון,2,2
1111,SJ-4360,sj-4360,253,אביזרים וחלקי חילוף למקרר שארפ מקפיא עליון,2,2
1112,SJ-4650,sj-4650,253,אביזרים וחלקי חילוף למקרר שארפ מקפיא עליון,1,2
1113,SJ-4660,sj-4660,253,אביזרים וחלקי חילוף למקרר שארפ מקפיא עליון,1,2
1114,SJ-GTR760S,sj-gtr760s,253,אביזרים וחלקי חילוף למקרר שארפ מקפיא עליון,1,2
604,SJ2124,sj2124,253,אביזרים וחלקי חילוף למקרר שארפ מקפיא עליון,10,2
606,SJ2130SL,sj2130sl,253,אביזרים וחלקי חילוף למקרר שארפ מקפיא עליון,3,2
243,SJ2245,sj2245,253,אביזרים וחלקי חילוף למקרר שארפ מקפיא עליון,3,2
244,SJ2249,sj2249,253,אביזרים וחלקי חילוף למקרר שארפ מקפיא עליון,4,2
235,SJ2256,sj2256,253,אביזרים וחלקי חילוף למקרר שארפ מקפיא עליון,4,2
240,SJ2265,sj2265,253,אביזרים וחלקי חילוף למקרר שארפ מקפיא עליון,2,2
233,SJ2266,sj2266,253,אביזרים וחלקי חילוף למקרר שארפ מקפיא עליון,6,2
558,SJ2269,sj2269,253,אביזרים וחלקי חילוף למקרר שארפ מקפיא עליון,6,2
553,SJ2275,sj2275,253,אביזרים וחלקי חילוף למקרר שארפ מקפיא עליון,5,2
554,SJ2367,sj2367,253,אביזרים וחלקי חילוף למקרר שארפ מקפיא עליון,6,2
555,SJ2369,sj2369,253,אביזרים וחלקי חילוף למקרר שארפ מקפיא עליון,6,2
556,SJ2375,sj2375,253,אביזרים וחלקי חילוף למקרר שארפ מקפיא עליון,4,2
981,SJ3145,sj3145,253,אביזרים וחלקי חילוף למקרר שארפ מקפיא עליון,1,2
251,SJ3245,sj3245,253,אביזרים וחלקי חילוף למקרר שארפ מקפיא עליון,2,2
242,SJ3249,sj3249,253,אביזרים וחלקי חילוף למקרר שארפ מקפיא עליון,3,2
232,SJ3256,sj3256,253,אביזרים וחלקי חילוף למקרר שארפ מקפיא עליון,5,2
234,SJ3265,sj3265,253,אביזרים וחלקי חילוף למקרר שארפ מקפיא עליון,5,2
525,SJ3350,sj3350,253,אביזרים וחלקי חילוף למקרר שארפ מקפיא עליון,14,2
526,SJ3355,sj3355,253,אביזרים וחלקי חילוף למקרר שארפ מקפיא עליון,13,2
527,SJ3360,sj3360,253,אביזרים וחלקי חילוף למקרר שארפ מקפיא עליון,14,2
263,SJ3550,sj3550,253,אביזרים וחלקי חילוף למקרר שארפ מקפיא עליון,2,2
528,SJ3650,sj3650,253,אביזרים וחלקי חילוף למקרר שארפ מקפיא עליון,9,2
529,SJ3655,sj3655,253,אביזרים וחלקי חילוף למקרר שארפ מקפיא עליון,15,2
521,SJ3770,sj3770,253,אביזרים וחלקי חילוף למקרר שארפ מקפיא עליון,16,2
520,SJ3840,sj3840,253,אביזרים וחלקי חילוף למקרר שארפ מקפיא עליון,16,2
522,SJ3850,sj3850,253,אביזרים וחלקי חילוף למקרר שארפ מקפיא עליון,16,2
594,SJ4350,sj4350,253,אביזרים וחלקי חילוף למקרר שארפ מקפיא עליון,8,2
494,SJ4355,sj4355,253,אביזרים וחלקי חילוף למקרר שארפ מקפיא עליון,11,2
588,SJ4360,sj4360,253,אביזרים וחלקי חילוף למקרר שארפ מקפיא עליון,10,2
586,SJ4650,sj4650,253,אביזרים וחלקי חילוף למקרר שארפ מקפיא עליון,7,2
587,SJ4655,sj4655,253,אביזרים וחלקי חילוף למקרר שארפ מקפיא עליון,7,2
531,SJ5778,sj5778,253,אביזרים וחלקי חילוף למקרר שארפ מקפיא עליון,13,2
532,SJ5878,sj5878,253,אביזרים וחלקי חילוף למקרר שארפ מקפיא עליון,15,2
261,SJD5610,sjd5610,253,אביזרים וחלקי חילוף למקרר שארפ מקפיא עליון,2,2
260,SJD5620,sjd5620,253,אביזרים וחלקי חילוף למקרר שארפ מקפיא עליון,13,2
535,SJGPR75D,sjgpr75d,253,אביזרים וחלקי חילוף למקרר שארפ מקפיא עליון,11,2
592,SJGPRN75D,sjgprn75d,253,אביזרים וחלקי חילוף למקרר שארפ מקפיא עליון,10,2
530,SJGTR760S,sjgtr760s,253,אביזרים וחלקי חילוף למקרר שארפ מקפיא עליון,7,2
589,SJGTR820G,sjgtr820g,253,אביזרים וחלקי חילוף למקרר שארפ מקפיא עליון,8,2
231,SJP4550,sjp4550,253,אביזרים וחלקי חילוף למקרר שארפ מקפיא עליון,6,2
241,SJP4610,sjp4610,253,אביזרים וחלקי חילוף למקרר שארפ מקפיא עליון,4,2
262,SJS3610,sjs3610,253,אביזרים וחלקי חילוף למקרר שארפ מקפיא עליון,2,2
524,SJS3710,sjs3710,253,אביזרים וחלקי חילוף למקרר שארפ מקפיא עליון,3,2
559,SJS3710IN,sjs3710in,253,אביזרים וחלקי חילוף למקרר שארפ מקפיא עליון,8,2
523,SJS3835,sjs3835,253,אביזרים וחלקי חילוף למקרר שארפ מקפיא עליון,4,2
557,SJS3835IN,sjs3835in,253,אביזרים וחלקי חילוף למקרר שארפ מקפיא עליון,9,2
591,SJSER70D,sjser70d,253,אביזרים וחלקי חילוף למקרר שארפ מקפיא עליון,12,2
590,SJSER75D,sjser75d,253,אביזרים וחלקי חילוף למקרר שארפ מקפיא עליון,11,2
605,SJSR430SS,sjsr430ss,253,אביזרים וחלקי חילוף למקרר שארפ מקפיא עליון,6,2
252,6307SAE,6307sae,254,אביזרים וחלקי חילוף למקרר שארפ 4 דלתות,2,2
1309,SJ-8420-SL,sj-8420-sl,254,אביזרים וחלקי חילוף למקרר שארפ 4 דלתות,1,2
1310,SJ-8430-ID,sj-8430-id,254,אביזרים וחלקי חילוף למקרר שארפ 4 דלתות,1,2
1311,SJ-8435-BL,sj-8435-bl,254,אביזרים וחלקי חילוף למקרר שארפ 4 דלתות,1,2
1312,SJ-8435-CH,sj-8435-ch,254,אביזרים וחלקי חילוף למקרר שארפ 4 דלתות,1,2
1314,SJ-8570-SL,sj-8570-sl,254,אביזרים וחלקי חילוף למקרר שארפ 4 דלתות,1,2
1315,SJ-8570WH,sj-8570wh,254,אביזרים וחלקי חילוף למקרר שארפ 4 דלתות,1,2
1316,SJ-8590-WH,sj-8590-wh,254,אביזרים וחלקי חילוף למקרר שארפ 4 דלתות,1,2
1317,SJ-8950-SL,sj-8950-sl,254,אביזרים וחלקי חילוף למקרר שארפ 4 דלתות,1,2
1318,SJ-8950-WH,sj-8950-wh,254,אביזרים וחלקי חילוף למקרר שארפ 4 דלתות,1,2
1319,SJ-8960-BS,sj-8960-bs,254,אביזרים וחלקי חילוף למקרר שארפ 4 דלתות,1,2
1313,SJ-XP470HB-SL,sj-xp470hb-sl,254,אביזרים וחלקי חילוף למקרר שארפ 4 דלתות,1,2
228,SJ5501,sj5501,254,אביזרים וחלקי חילוף למקרר שארפ 4 דלתות,5,2
246,SJ5502,sj5502,254,אביזרים וחלקי חילוף למקרר שארפ 4 דלתות,1,2
229,SJ5503,sj5503,254,אביזרים וחלקי חילוף למקרר שארפ 4 דלתות,4,2
245,SJ5504,sj5504,254,אביזרים וחלקי חילוף למקרר שארפ 4 דלתות,1,2
230,SJ5505,sj5505,254,אביזרים וחלקי חילוף למקרר שארפ 4 דלתות,7,2
247,SJ5506,sj5506,254,אביזרים וחלקי חילוף למקרר שארפ 4 דלתות,3,2
259,SJ8520,sj8520,254,אביזרים וחלקי חילוף למקרר שארפ 4 דלתות,2,2
599,SJ8570,sj8570,254,אביזרים וחלקי חילוף למקרר שארפ 4 דלתות,14,2
1006,SJ8580,sj8580,254,אביזרים וחלקי חילוף למקרר שארפ 4 דלתות,2,2
598,SJ8590,sj8590,254,אביזרים וחלקי חילוף למקרר שארפ 4 דלתות,12,2
257,SJ8595,sj8595,254,אביזרים וחלקי חילוף למקרר שארפ 4 דלתות,11,2
1005,SJ8610,sj8610,254,אביזרים וחלקי חילוף למקרר שארפ 4 דלתות,2,2
258,SJ8620,sj8620,254,אביזרים וחלקי חילוף למקרר שארפ 4 דלתות,10,2
256,SJ8695,sj8695,254,אביזרים וחלקי חילוף למקרר שארפ 4 דלתות,8,2
545,SJ8720,sj8720,254,אביזרים וחלקי חילוף למקרר שארפ 4 דלתות,9,2
600,SJ8802,sj8802,254,אביזרים וחלקי חילוף למקרר שארפ 4 דלתות,3,2
546,SJ8841,sj8841,254,אביזרים וחלקי חילוף למקרר שארפ 4 דלתות,9,2
517,SJ8912,sj8912,254,אביזרים וחלקי חילוף למקרר שארפ 4 דלתות,2,2
560,SJ8942,sj8942,254,אביזרים וחלקי חילוף למקרר שארפ 4 דלתות,7,2
597,SJ8950,sj8950,254,אביזרים וחלקי חילוף למקרר שארפ 4 דלתות,14,2
596,SJ8960,sj8960,254,אביזרים וחלקי חילוף למקרר שארפ 4 דלתות,10,2
547,SJ9160,sj9160,254,אביזרים וחלקי חילוף למקרר שארפ 4 דלתות,9,2
548,SJ9260,sj9260,254,אביזרים וחלקי חילוף למקרר שארפ 4 דלתות,10,2
602,SJ9811,sj9811,254,אביזרים וחלקי חילוף למקרר שארפ 4 דלתות,4,2
603,SJ9812,sj9812,254,אביזרים וחלקי חילוף למקרר שארפ 4 דלתות,4,2
264,SJC7511,sjc7511,254,אביזרים וחלקי חילוף למקרר שארפ 4 דלתות,3,2
265,SJE7513,sje7513,254,אביזרים וחלקי חילוף למקרר שארפ 4 דלתות,3,2
549,SJFER87V,sjfer87v,254,אביזרים וחלקי חילוף למקרר שארפ 4 דלתות,10,2
595,SJFFER89,sjffer89,254,אביזרים וחלקי חילוף למקרר שארפ 4 דלתות,10,2
550,SJFPR85V,sjfpr85v,254,אביזרים וחלקי חילוף למקרר שארפ 4 דלתות,7,2
518,SJFPR85VSL,sjfpr85vsl,254,אביזרים וחלקי חילוף למקרר שארפ 4 דלתות,1,2
551,SJFSR87V,sjfsr87v,254,אביזרים וחלקי חילוף למקרר שארפ 4 דלתות,4,2
601,SJFSRN87V,sjfsrn87v,254,אביזרים וחלקי חילוף למקרר שארפ 4 דלתות,4,2
239,SJR8710,sjr8710,254,אביזרים וחלקי חילוף למקרר שארפ 4 דלתות,14,2
552,SJR8710SL,sjr8710sl,254,אביזרים וחלקי חילוף למקרר שארפ 4 דלתות,9,2
238,SJR8711,sjr8711,254,אביזרים וחלקי חילוף למקרר שארפ 4 דלתות,9,2
236,SJR8810,sjr8810,254,אביזרים וחלקי חילוף למקרר שארפ 4 דלתות,6,2
237,SJR8811,sjr8811,254,אביזרים וחלקי חילוף למקרר שארפ 4 דלתות,5,2
561,SJR8912,sjr8912,254,אביזרים וחלקי חילוף למקרר שארפ 4 דלתות,9,2
519,SJR8913BG,sjr8913bg,254,אביזרים וחלקי חילוף למקרר שארפ 4 דלתות,12,2
248,SJS5506,sjs5506,254,אביזרים וחלקי חילוף למקרר שארפ 4 דלתות,2,2
227,SJX5103,sjx5103,254,אביזרים וחלקי חילוף למקרר שארפ 4 דלתות,2,2
226,SJX5403,sjx5403,254,אביזרים וחלקי חילוף למקרר שארפ 4 דלתות,3,2
225,SJX5406,sjx5406,254,אביזרים וחלקי חילוף למקרר שארפ 4 דלתות,5,2
986,SJ-9610,sj-9610,255,אביזרים וחלקי חילוף למקרר שארפ 5 דלתות,2,2
536,SJ9630,sj9630,255,אביזרים וחלקי חילוף למקרר שארפ 5 דלתות,14,2
249,SJ9711,sj9711,255,אביזרים וחלקי חילוף למקרר שארפ 5 דלתות,8,2
250,SJ9712,sj9712,255,אביזרים וחלקי חילוף למקרר שארפ 5 דלתות,8,2
537,SJ9730,sj9730,255,אביזרים וחלקי חילוף למקרר שארפ 5 דלתות,14,2
538,SJ9731,sj9731,255,אביזרים וחלקי חילוף למקרר שארפ 5 דלתות,13,2
539,SJ9732,sj9732,255,אביזרים וחלקי חילוף למקרר שארפ 5 דלתות,14,2
540,SJ9733,sj9733,255,אביזרים וחלקי חילוף למקרר שארפ 5 דלתות,13,2
541,SJ9734,sj9734,255,אביזרים וחלקי חילוף למקרר שארפ 5 דלתות,14,2
542,SJ9831,sj9831,255,אביזרים וחלקי חילוף למקרר שארפ 5 דלתות,18,2
543,SJFPR910,sjfpr910,255,אביזרים וחלקי חילוף למקרר שארפ 5 דלתות,13,2
562,SJFSDR910,sjfsdr910,255,אביזרים וחלקי חילוף למקרר שארפ 5 דלתות,12,2
544,SJFSR920,sjfsr920,255,אביזרים וחלקי חילוף למקרר שארפ 5 דלתות,10,2
270,אביזרים וחלקי חילוף לכיריים האייר,%d7%9b%d7%99%d7%a8%d7%99%d7%99%d7%9d,266,HAIER,1,1
268,אביזרים וחלקי חילוף למדיח האייר,%d7%9e%d7%93%d7%99%d7%97,266,HAIER,3,1
272,אביזרים וחלקי חילוף למייבש האייר,%d7%9e%d7%99%d7%99%d7%91%d7%a9,266,HAIER,1,1
267,אביזרים וחלקי חילוף למכונת כביסה האייר,%d7%9e%d7%9b%d7%95%d7%a0%d7%aa-%d7%9b%d7%91%d7%99%d7%a1%d7%94,266,HAIER,6,1
273,אביזרים וחלקי חילוף למקפיא האייר,%d7%9e%d7%a7%d7%a4%d7%99%d7%90,266,HAIER,3,1
271,אביזרים וחלקי חילוף למקרר האייר,%d7%9e%d7%a7%d7%a8%d7%a8,266,HAIER,27,1
269,אביזרים וחלקי חילוף לתנור האייר,%d7%aa%d7%a0%d7%95%d7%a8,266,HAIER,1,1
1055,שלטים לטלוויזיות,%d7%a9%d7%9c%d7%98%d7%99%d7%9d-%d7%9c%d7%98%d7%9c%d7%95%d7%95%d7%99%d7%96%d7%99%d7%95%d7%aa-haier,266,HAIER,2,1
1282,HW-70-B12636,hw-70-b12636,267,אביזרים וחלקי חילוף למכונת כביסה האייר,1,2
1283,HW-80-12829,hw-80-12829,267,אביזרים וחלקי חילוף למכונת כביסה האייר,1,2
1284,HW-80B12636N,hw-80b12636n,267,אביזרים וחלקי חילוף למכונת כביסה האייר,1,2
490,HW100-1479N,hw100-1479n,267,אביזרים וחלקי חילוף למכונת כביסה האייר,0,2
1285,HW100B14636N,hw100b14636n,267,אביזרים וחלקי חילוף למכונת כביסה האייר,1,2
1244,HW120B14979S,hw120b14979s,267,אביזרים וחלקי חילוף למכונת כביסה האייר,1,2
488,HW601211N,hw601211n,267,אביזרים וחלקי חילוף למכונת כביסה האייר,0,2
487,HW8012829,hw8012829,267,אביזרים וחלקי חילוף למכונת כביסה האייר,0,2
434,21TNNB,21tnnb,271,אביזרים וחלקי חילוף למקרר האייר,0,2
1232,C-3FE744CMJ,c-3fe744cmj,271,אביזרים וחלקי חילוף למקרר האייר,1,2
435,HB22TSAA,hb22tsaa,271,אביזרים וחלקי חילוף למקרר האייר,0,2
463,HB25FSSAA,hb25fssaa,271,אביזרים וחלקי חילוף למקרר האייר,1,2
1226,HB26FSSAAA,hb26fssaaa,271,אביזרים וחלקי חילוף למקרר האייר,1,2
1227,HBM-520FSS,hbm-520fss,271,אביזרים וחלקי חילוף למקרר האייר,1,2
424,HBM450,hbm450,271,אביזרים וחלקי חילוף למקרר האייר,2,2
433,HRF-220,hrf-220,271,אביזרים וחלקי חילוף למקרר האייר,0,2
438,HRF-369,hrf-369,271,אביזרים וחלקי חילוף למקרר האייר,0,2
414,HRF-447FSS,hrf-447fss,271,אביזרים וחלקי חילוף למקרר האייר,1,2
1291,HRF-4482FB,hrf-4482fb,271,אביזרים וחלקי חילוף למקרר האייר,1,2
1292,HRF-4482FSS,hrf-4482fss,271,אביזרים וחלקי חילוף למקרר האייר,1,2
464,HRF-4482FW,hrf-4482fw,271,אביזרים וחלקי חילוף למקרר האייר,1,2
1290,HRF-4494FBR,hrf-4494fbr,271,אביזרים וחלקי חילוף למקרר האייר,1,2
1293,HRF-4494FSSR,hrf-4494fssr,271,אביזרים וחלקי חילוף למקרר האייר,1,2
504,HRF-456FB,hrf-456fb,271,אביזרים וחלקי חילוף למקרר האייר,5,2
1337,HRF-456FGS,hrf-456fgs,271,אביזרים וחלקי חילוף למקרר האייר,2,2
427,HRF-456FSS,hrf-456fss,271,אביזרים וחלקי חילוף למקרר האייר,6,2
1223,HRF-456FW,hrf-456fw,271,אביזרים וחלקי חילוף למקרר האייר,5,2
1294,HRF-472FB,hrf-472fb,271,אביזרים וחלקי חילוף למקרר האייר,1,2
1295,HRF-472FW,hrf-472fw,271,אביזרים וחלקי חילוף למקרר האייר,1,2
503,HRF-490FGS,hrf-490fgs,271,אביזרים וחלקי חילוף למקרר האייר,1,2
467,HRF-500ASS,hrf-500ass,271,אביזרים וחלקי חילוף למקרר האייר,1,2
1228,HRF-550FB,hrf-550fb,271,אביזרים וחלקי חילוף למקרר האייר,3,2
1229,HRF-550FGS,hrf-550fgs,271,אביזרים וחלקי חילוף למקרר האייר,3,2
1230,HRF-550FSS,hrf-550fss,271,אביזרים וחלקי חילוף למקרר האייר,3,2
422,HRF-550FW,hrf-550fw,271,אביזרים וחלקי חילוף למקרר האייר,5,2
1231,HRF-555FB,hrf-555fb,271,אביזרים וחלקי חילוף למקרר האייר,3,2
880,HRF-5800,hrf-5800,271,אביזרים וחלקי חילוף למקרר האייר,1,2
1301,HRF-620FB,hrf-620fb,271,אביזרים וחלקי חילוף למקרר האייר,3,2
505,HRF-620FG,hrf-620fg,271,אביזרים וחלקי חילוף למקרר האייר,3,2
1302,HRF-620FGS,hrf-620fgs,271,אביזרים וחלקי חילוף למקרר האייר,3,2
1303,HRF-620FSS,hrf-620fss,271,אביזרים וחלקי חילוף למקרר האייר,3,2
398,HRF-620FW,hrf-620fw,271,אביזרים וחלקי חילוף למקרר האייר,4,2
1304,HRF-625FSS,hrf-625fss,271,אביזרים וחלקי חילוף למקרר האייר,2,2
426,HRF-628,hrf-628,271,אביזרים וחלקי חילוף למקרר האייר,1,2
440,HRF-690FSS,hrf-690fss,271,אביזרים וחלקי חילוף למקרר האייר,2,2
1305,HRF-700FB,hrf-700fb,271,אביזרים וחלקי חילוף למקרר האייר,2,2
1306,HRF-700FSS,hrf-700fss,271,אביזרים וחלקי חילוף למקרר האייר,1,2
399,HRF-700FW,hrf-700fw,271,אביזרים וחלקי חילוף למקרר האייר,2,2
437,HRF-849W,hrf-849w,271,אביזרים וחלקי חילוף למקרר האייר,0,2
507,HRF-939W,hrf-939w,271,אביזרים וחלקי חילוף למקרר האייר,0,2
506,HRF4560FB,hrf4560fb,271,אביזרים וחלקי חילוף למקרר האייר,0,2
502,HRF700,hrf700,271,אביזרים וחלקי חילוף למקרר האייר,1,2
1017,HTD-529,htd-529,271,אביזרים וחלקי חילוף למקרר האייר,1,2
1018,HTD629SS,htd629ss,271,אביזרים וחלקי חילוף למקרר האייר,1,2
423,HTD635AS,htd635as,271,אביזרים וחלקי חילוף למקרר האייר,1,2
402,BD266FSS,bd266fss,273,אביזרים וחלקי חילוף למקפיא האייר,1,2
425,HUF-105A,huf-105a,273,אביזרים וחלקי חילוף למקפיא האייר,1,2
278,אביזרים וחלקי חילוף לכיריים דלונגי,%d7%9b%d7%99%d7%a8%d7%99%d7%99%d7%9d-de-longi,274,De'Longhi,14,1
276,אביזרים וחלקי חילוף למדיח דלונגי,%d7%9e%d7%93%d7%99%d7%97-de-longi,274,De'Longhi,14,1
280,אביזרים וחלקי חילוף למייבש דלונגי,%d7%9e%d7%99%d7%99%d7%91%d7%a9-de-longi,274,De'Longhi,6,1
275,אביזרים וחלקי חילוף למכונת כביסה דלונגי,%d7%9e%d7%9b%d7%95%d7%a0%d7%aa-%d7%9b%d7%91%d7%99%d7%a1%d7%94-de-longi,274,De'Longhi,7,1
281,אביזרים וחלקי חילוף למקפיא דלונגי,%d7%9e%d7%a7%d7%a4%d7%99%d7%90-de-longi,274,De'Longhi,1,1
279,אביזרים וחלקי חילוף למקרר דלונגי,%d7%9e%d7%a7%d7%a8%d7%a8-de-longi,274,De'Longhi,2,1
415,אביזרים וחלקי חילוף לקולט אדים דלונגי,%d7%a7%d7%95%d7%9c%d7%98-%d7%90%d7%93%d7%99%d7%9d,274,De'Longhi,11,1
277,אביזרים וחלקי חילוף לתנור דלונגי,%d7%aa%d7%a0%d7%95%d7%a8-de-longi,274,De'Longhi,18,1
856,DLW749F2,dlw749f2,275,אביזרים וחלקי חילוף למכונת כביסה דלונגי,2,2
857,DLW855F4,dlw855f4,275,אביזרים וחלקי חילוף למכונת כביסה דלונגי,2,2
412,DLW866AT2,dlw866at2,275,אביזרים וחלקי חילוף למכונת כביסה דלונגי,3,2
911,DLW966AT2,dlw966at2,275,אביזרים וחלקי חילוף למכונת כביסה דלונגי,2,2
925,MY53,my53,276,אביזרים וחלקי חילוף למדיח דלונגי,2,2
924,MY54,my54,276,אביזרים וחלקי חילוף למדיח דלונגי,1,2
926,MY55,my55,276,אביזרים וחלקי חילוף למדיח דלונגי,1,2
946,SMD-1,smd-1,276,אביזרים וחלקי חילוף למדיח דלונגי,1,2
960,SMD-40,smd-40,276,אביזרים וחלקי חילוף למדיח דלונגי,2,2
947,WMD-10,wmd-10,276,אביזרים וחלקי חילוף למדיח דלונגי,1,2
948,WMD-10T,wmd-10t,276,אביזרים וחלקי חילוף למדיח דלונגי,1,2
950,WMD-13,wmd-13,276,אביזרים וחלקי חילוף למדיח דלונגי,2,2
951,WMD-15,wmd-15,276,אביזרים וחלקי חילוף למדיח דלונגי,1,2
952,WMD-17S,wmd-17s,276,אביזרים וחלקי חילוף למדיח דלונגי,2,2
953,WMD-18S,wmd-18s,276,אביזרים וחלקי חילוף למדיח דלונגי,2,2
954,WMD-20S,wmd-20s,276,אביזרים וחלקי חילוף למדיח דלונגי,1,2
955,WMD-24HI,wmd-24hi,276,אביזרים וחלקי חילוף למדיח דלונגי,2,2
956,WMD-26HI,wmd-26hi,276,אביזרים וחלקי חילוף למדיח דלונגי,1,2
957,WMD-35I,wmd-35i,276,אביזרים וחלקי חילוף למדיח דלונגי,1,2
420,WMD-6,wmd-6,276,אביזרים וחלקי חילוף למדיח דלונגי,1,2
949,WMD-7,wmd-7,276,אביזרים וחלקי חילוף למדיח דלונגי,1,2
958,WMD34-I,wmd34-i,276,אביזרים וחלקי חילוף למדיח דלונגי,2,2
406,WMD55,wmd55,276,אביזרים וחלקי חילוף למדיח דלונגי,2,2
418,WMD6,wmd6,276,אביזרים וחלקי חילוף למדיח דלונגי,0,2
929,WMD62,wmd62,276,אביזרים וחלקי חילוף למדיח דלונגי,1,2
930,WMD67,wmd67,276,אביזרים וחלקי חילוף למדיח דלונגי,1,2
937,WMD68,wmd68,276,אביזרים וחלקי חילוף למדיח דלונגי,1,2
938,WMD69,wmd69,276,אביזרים וחלקי חילוף למדיח דלונגי,1,2
931,WMD70,wmd70,276,אביזרים וחלקי חילוף למדיח דלונגי,1,2
407,WMD70HI,wmd70hi,276,אביזרים וחלקי חילוף למדיח דלונגי,2,2
932,WMD72,wmd72,276,אביזרים וחלקי חילוף למדיח דלונגי,1,2
933,WMD73,wmd73,276,אביזרים וחלקי חילוף למדיח דלונגי,1,2
934,WMD77D,wmd77d,276,אביזרים וחלקי חילוף למדיח דלונגי,1,2
939,WMD78D,wmd78d,276,אביזרים וחלקי חילוף למדיח דלונגי,1,2
935,WMD84I,wmd84i,276,אביזרים וחלקי חילוף למדיח דלונגי,1,2
936,WMD88X,wmd88x,276,אביזרים וחלקי חילוף למדיח דלונגי,1,2
618,DBIS87,dbis87,277,אביזרים וחלקי חילוף לתנור דלונגי,2,2
1190,DCS12EDN,dcs12edn,277,אביזרים וחלקי חילוף לתנור דלונגי,2,2
1415,DCS12EDW,dcs12edw,277,אביזרים וחלקי חילוף לתנור דלונגי,1,2
1191,DCS12EDX,dcs12edx,277,אביזרים וחלקי חילוף לתנור דלונגי,2,2
619,DCS32,dcs32,277,אביזרים וחלקי חילוף לתנור דלונגי,3,2
1192,DCS32EDN-IL,dcs32edn-il,277,אביזרים וחלקי חילוף לתנור דלונגי,2,2
1193,DCS32EDW-IL,dcs32edw-il,277,אביזרים וחלקי חילוף לתנור דלונגי,2,2
1194,DCS32EDX-IL,dcs32edx-il,277,אביזרים וחלקי חילוף לתנור דלונגי,2,2
1195,DCS550EDN,dcs550edn,277,אביזרים וחלקי חילוף לתנור דלונגי,1,2
1196,DCS57EDN-IL,dcs57edn-il,277,אביזרים וחלקי חילוף לתנור דלונגי,1,2
620,DCS67,dcs67,277,אביזרים וחלקי חילוף לתנור דלונגי,2,2
1197,DCS67EDN-IL,dcs67edn-il,277,אביזרים וחלקי חילוף לתנור דלונגי,2,2
1198,DCS67EDW-IL,dcs67edw-il,277,אביזרים וחלקי חילוף לתנור דלונגי,2,2
624,DEMA965IL,dema965il,277,אביזרים וחלקי חילוף לתנור דלונגי,0,2
1416,DEMX965P,demx965p,277,אביזרים וחלקי חילוף לתנור דלונגי,1,2
1362,NDB-342AN,ndb-342an,277,אביזרים וחלקי חילוף לתנור דלונגי,1,2
1363,NDB-433AN,ndb-433an,277,אביזרים וחלקי חילוף לתנור דלונגי,1,2
1364,NDB-434AV,ndb-434av,277,אביזרים וחלקי חילוף לתנור דלונגי,1,2
1370,NDB-440,ndb-440,277,אביזרים וחלקי חילוף לתנור דלונגי,1,2
1365,NDB-442VN,ndb-442vn,277,אביזרים וחלקי חילוף לתנור דלונגי,1,2
1366,NDB-6868X,ndb-6868x,277,אביזרים וחלקי חילוף לתנור דלונגי,1,2
1361,NDB-900,ndb-900,277,אביזרים וחלקי חילוף לתנור דלונגי,1,2
1359,NDB-901AN,ndb-901an,277,אביזרים וחלקי חילוף לתנור דלונגי,1,2
396,NDB341GB,ndb341gb,277,אביזרים וחלקי חילוף לתנור דלונגי,1,2
1367,NDB342AV,ndb342av,277,אביזרים וחלקי חילוף לתנור דלונגי,1,2
448,NDB430,ndb430,277,אביזרים וחלקי חילוף לתנור דלונגי,0,2
450,NDB432,ndb432,277,אביזרים וחלקי חילוף לתנור דלונגי,0,2
1368,NDB434AN,ndb434an,277,אביזרים וחלקי חילוף לתנור דלונגי,1,2
1371,NDB440,ndb440,277,אביזרים וחלקי חילוף לתנור דלונגי,1,2
449,NDB590,ndb590,277,אביזרים וחלקי חילוף לתנור דלונגי,0,2
472,NDB6767,ndb6767,277,אביזרים וחלקי חילוף לתנור דלונגי,0,2
409,NDB900X,ndb900x,277,אביזרים וחלקי חילוף לתנור דלונגי,1,2
888,NDB901AN,ndb901an,277,אביזרים וחלקי חילוף לתנור דלונגי,0,2
1414,NDS-1217AN,nds-1217an,277,אביזרים וחלקי חילוף לתנור דלונגי,1,2
469,NDS-1217N,nds-1217n,277,אביזרים וחלקי חילוף לתנור דלונגי,1,2
1199,NDS-1217X,nds-1217x,277,אביזרים וחלקי חילוף לתנור דלונגי,1,2
1200,NDS-1218N,nds-1218n,277,אביזרים וחלקי חילוף לתנור דלונגי,1,2
1201,NDS-1218X,nds-1218x,277,אביזרים וחלקי חילוף לתנור דלונגי,1,2
1202,NDS-1332N,nds-1332n,277,אביזרים וחלקי חילוף לתנור דלונגי,1,2
1203,NDS-1332W,nds-1332w,277,אביזרים וחלקי חילוף לתנור דלונגי,2,2
1204,NDS-1357N,nds-1357n,277,אביזרים וחלקי חילוף לתנור דלונגי,2,2
1205,NDS-1357W,nds-1357w,277,אביזרים וחלקי חילוף לתנור דלונגי,2,2
1206,NDS-1357X,nds-1357x,277,אביזרים וחלקי חילוף לתנור דלונגי,1,2
1207,NDS-378W,nds-378w,277,אביזרים וחלקי חילוף לתנור דלונגי,2,2
1369,NDS-577G,nds-577g,277,אביזרים וחלקי חילוף לתנור דלונגי,2,2
1402,NDS-577R,nds-577r,277,אביזרים וחלקי חילוף לתנור דלונגי,1,2
413,NDS-6600N,nds-6600n,277,אביזרים וחלקי חילוף לתנור דלונגי,0,2
1208,NDS-6600X,nds-6600x,277,אביזרים וחלקי חילוף לתנור דלונגי,1,2
1236,NDS-929X,nds-929x,277,אביזרים וחלקי חילוף לתנור דלונגי,1,2
1272,NDS-932AN,nds-932an,277,אביזרים וחלקי חילוף לתנור דלונגי,3,2
1273,NDS-932W,nds-932w,277,אביזרים וחלקי חילוף לתנור דלונגי,3,2
1274,NDS-932X,nds-932x,277,אביזרים וחלקי חילוף לתנור דלונגי,3,2
1417,NDS-939X,nds-939x,277,אביזרים וחלקי חילוף לתנור דלונגי,1,2
1237,NDS-950X,nds-950x,277,אביזרים וחלקי חילוף לתנור דלונגי,1,2
1275,NDS-951AN,nds-951an,277,אביזרים וחלקי חילוף לתנור דלונגי,3,2
1276,NDS-951AV,nds-951av,277,אביזרים וחלקי חילוף לתנור דלונגי,3,2
1277,NDS-951VN,nds-951vn,277,אביזרים וחלקי חילוף לתנור דלונגי,3,2
1278,NDS-951W,nds-951w,277,אביזרים וחלקי חילוף לתנור דלונגי,3,2
1279,NDS-952AN,nds-952an,277,אביזרים וחלקי חילוף לתנור דלונגי,3,2
1280,NDS-952G,nds-952g,277,אביזרים וחלקי חילוף לתנור דלונגי,3,2
1238,NDS-953R,nds-953r,277,אביזרים וחלקי חילוף לתנור דלונגי,1,2
1360,NDS-979X,nds-979x,277,אביזרים וחלקי חילוף לתנור דלונגי,1,2
395,NDS1217X,nds1217x,277,אביזרים וחלקי חילוף לתנור דלונגי,4,2
621,NDS1218,nds1218,277,אביזרים וחלקי חילוף לתנור דלונגי,2,2
739,NDS1332,nds1332,277,אביזרים וחלקי חילוף לתנור דלונגי,1,2
622,NDS1357,nds1357,277,אביזרים וחלקי חילוף לתנור דלונגי,1,2
889,NDS32AN,nds32an,277,אביזרים וחלקי חילוף לתנור דלונגי,0,2
445,NDS375,nds375,277,אביזרים וחלקי חילוף לתנור דלונגי,0,2
444,NDS377N,nds377n,277,אביזרים וחלקי חילוף לתנור דלונגי,0,2
623,NDS577,nds577,277,אביזרים וחלקי חילוף לתנור דלונגי,2,2
626,NDS932,nds932,277,אביזרים וחלקי חילוף לתנור דלונגי,2,2
1281,NDS932VN,nds932vn,277,אביזרים וחלקי חילוף לתנור דלונגי,3,2
625,NDS939,nds939,277,אביזרים וחלקי חילוף לתנור דלונגי,0,2
397,NDS951W,nds951w,277,אביזרים וחלקי חילוף לתנור דלונגי,1,2
408,NDS977,nds977,277,אביזרים וחלקי חילוף לתנור דלונגי,1,2
890,NDS979X,nds979x,277,אביזרים וחלקי חילוף לתנור דלונגי,0,2
1418,NSM90MX-IL,nsm90mx-il,277,אביזרים וחלקי חילוף לתנור דלונגי,1,2
627,NSM90MXIL,nsm90mxil,277,אביזרים וחלקי חילוף לתנור דלונגי,1,2
628,PEMA965C,pema965c,277,אביזרים וחלקי חילוף לתנור דלונגי,1,2
629,PRO966MX,pro966mx,277,אביזרים וחלקי חילוף לתנור דלונגי,2,2
630,PRO96MXINEDIL,pro96mxinedil,277,אביזרים וחלקי חילוף לתנור דלונגי,1,2
1245,DGH1160AN,dgh1160an,278,אביזרים וחלקי חילוף לכיריים דלונגי,2,2
1246,DGH1160N,dgh1160n,278,אביזרים וחלקי חילוף לכיריים דלונגי,2,2
1247,DGH1160W,dgh1160w,278,אביזרים וחלקי חילוף לכיריים דלונגי,2,2
1248,DGH1160X,dgh1160x,278,אביזרים וחלקי חילוף לכיריים דלונגי,2,2
1249,DGH1260CX,dgh1260cx,278,אביזרים וחלקי חילוף לכיריים דלונגי,2,2
1250,DGH2170CAN,dgh2170can,278,אביזרים וחלקי חילוף לכיריים דלונגי,2,2
1251,DGH2170CW,dgh2170cw,278,אביזרים וחלקי חילוף לכיריים דלונגי,2,2
1252,DGH2170CX,dgh2170cx,278,אביזרים וחלקי חילוף לכיריים דלונגי,2,2
1253,DGH3290CX,dgh3290cx,278,אביזרים וחלקי חילוף לכיריים דלונגי,2,2
486,NDC22,ndc22,278,אביזרים וחלקי חילוף לכיריים דלונגי,0,2
1254,NDG-101X,ndg-101x,278,אביזרים וחלקי חילוף לכיריים דלונגי,2,2
1255,NDG-105X,ndg-105x,278,אביזרים וחלקי חילוף לכיריים דלונגי,2,2
1256,NDG-106X,ndg-106x,278,אביזרים וחלקי חילוף לכיריים דלונגי,2,2
1257,NDG-107X,ndg-107x,278,אביזרים וחלקי חילוף לכיריים דלונגי,2,2
1286,NDG-13SE,ndg-13se,278,אביזרים וחלקי חילוף לכיריים דלונגי,2,2
1287,NDG-13W,ndg-13w,278,אביזרים וחלקי חילוף לכיריים דלונגי,2,2
1260,NDG-38W,ndg-38w,278,אביזרים וחלקי חילוף לכיריים דלונגי,1,2
1380,NDG-39N,ndg-39n,278,אביזרים וחלקי חילוף לכיריים דלונגי,1,2
1259,NDG-39SE,ndg-39se,278,אביזרים וחלקי חילוף לכיריים דלונגי,3,2
1377,NDG-39W,ndg-39w,278,אביזרים וחלקי חילוף לכיריים דלונגי,1,2
1378,NDG-40N,ndg-40n,278,אביזרים וחלקי חילוף לכיריים דלונגי,1,2
1261,NDG-59X,ndg-59x,278,אביזרים וחלקי חילוף לכיריים דלונגי,2,2
1262,NDG-71W,ndg-71w,278,אביזרים וחלקי חילוף לכיריים דלונגי,2,2
1263,NDG-79W,ndg-79w,278,אביזרים וחלקי חילוף לכיריים דלונגי,2,2
1264,NDG-80X,ndg-80x,278,אביזרים וחלקי חילוף לכיריים דלונגי,2,2
1265,NDG-81X,ndg-81x,278,אביזרים וחלקי חילוף לכיריים דלונגי,2,2
1266,NDG-95X,ndg-95x,278,אביזרים וחלקי חילוף לכיריים דלונגי,2,2
394,NDG39,ndg39,278,אביזרים וחלקי חילוף לכיריים דלונגי,2,2
1258,NDG39N,ndg39n,278,אביזרים וחלקי חילוף לכיריים דלונגי,2,2
1267,NDG40N,ndg40n,278,אביזרים וחלקי חילוף לכיריים דלונגי,3,2
1268,NDG59X,ndg59x,278,אביזרים וחלקי חילוף לכיריים דלונגי,2,2
1269,NDG62VN,ndg62vn,278,אביזרים וחלקי חילוף לכיריים דלונגי,2,2
385,NDG76,ndg76,278,אביזרים וחלקי חילוף לכיריים דלונגי,2,2
388,NDG76X,ndg76x,278,אביזרים וחלקי חילוף לכיריים דלונגי,2,2
386,NDG78,ndg78,278,אביזרים וחלקי חילוף לכיריים דלונגי,1,2
389,NDG78X,ndg78x,278,אביזרים וחלקי חילוף לכיריים דלונגי,1,2
431,NDG79AN,ndg79an,278,אביזרים וחלקי חילוף לכיריים דלונגי,0,2
458,NDG80X,ndg80x,278,אביזרים וחלקי חילוף לכיריים דלונגי,0,2
491,NDS 378,nds-378,278,אביזרים וחלקי חילוף לכיריים דלונגי,0,2
405,NDS1217X,nds1217x-%d7%9b%d7%99%d7%a8%d7%99%d7%99%d7%9d-de-longi,278,אביזרים וחלקי חילוף לכיריים דלונגי,2,2
400,NDS1330VN,nds1330vn,278,אביזרים וחלקי חילוף לכיריים דלונגי,0,2
384,NDS2000X,nds2000x,278,אביזרים וחלקי חילוף לכיריים דלונגי,3,2
393,NDS73N,nds73n,278,אביזרים וחלקי חילוף לכיריים דלונגי,3,2
392,NDS76X,nds76x,278,אביזרים וחלקי חילוף לכיריים דלונגי,1,2
419,NDS929X,nds929x,278,אביזרים וחלקי חילוף לכיריים דלונגי,0,2
404,NDS938X,nds938x,278,אביזרים וחלקי חילוף לכיריים דלונגי,1,2
391,NDS960,nds960,278,אביזרים וחלקי חילוף לכיריים דלונגי,1,2
401,NDS971X,nds971x,278,אביזרים וחלקי חילוף לכיריים דלונגי,0,2
383,NDS978,nds978,278,אביזרים וחלקי חילוף לכיריים דלונגי,3,2
390,NDS978AN,nds978an,278,אביזרים וחלקי חילוף לכיריים דלונגי,2,2
403,NDS981T,nds981t,278,אביזרים וחלקי חילוף לכיריים דלונגי,2,2
387,NS2000X,ns2000x,278,אביזרים וחלקי חילוף לכיריים דלונגי,0,2
1379,NSL230NC-IL,nsl230nc-il,278,אביזרים וחלקי חילוף לכיריים דלונגי,1,2
1288,NSL460NCM-IL,nsl460ncm-il,278,אביזרים וחלקי חילוף לכיריים דלונגי,2,2
1270,NSL575DNCM-IL,nsl575dncm-il,278,אביזרים וחלקי חילוף לכיריים דלונגי,3,2
1271,NSL590NC-IL,nsl590nc-il,278,אביזרים וחלקי חילוף לכיריים דלונגי,3,2
1296,DLBI3761,dlbi3761,279,אביזרים וחלקי חילוף למקרר דלונגי,1,2
1297,DLFI3791,dlfi3791,279,אביזרים וחלקי חילוף למקרר דלונגי,1,2
820,DLD8F4W,dld8f4w,280,אביזרים וחלקי חילוף למייבש דלונגי,2,2
1351,DLD8T3W,dld8t3w,280,אביזרים וחלקי חילוף למייבש דלונגי,1,2
821,DLD9F4W,dld9f4w,280,אביזרים וחלקי חילוף למייבש דלונגי,2,2
286,אביזרים וחלקי חילוף לכיריים באוקנכט,%d7%9b%d7%99%d7%a8%d7%99%d7%99%d7%9d-bauknecht,282,Bauknecht,1,1
284,אביזרים וחלקי חילוף למדיח באוקנכט,%d7%9e%d7%93%d7%99%d7%97-bauknecht,282,Bauknecht,3,1
288,אביזרים וחלקי חילוף למייבש באוקנכט,%d7%9e%d7%99%d7%99%d7%91%d7%a9-bauknecht,282,Bauknecht,1,1
283,אביזרים וחלקי חילוף למכונת כביסה באוקנכט,%d7%9e%d7%9b%d7%95%d7%a0%d7%aa-%d7%9b%d7%91%d7%99%d7%a1%d7%94-bauknecht,282,Bauknecht,4,1
289,אביזרים וחלקי חילוף למקפיא באוקנכט,%d7%9e%d7%a7%d7%a4%d7%99%d7%90-bauknecht,282,Bauknecht,1,1
287,אביזרים וחלקי חילוף למקרר באוקנכט,%d7%9e%d7%a7%d7%a8%d7%a8-bauknecht,282,Bauknecht,1,1
285,אביזרים וחלקי חילוף לתנור באוקנכט,%d7%aa%d7%a0%d7%95%d7%a8-bauknecht,282,Bauknecht,1,1
441,BCIO3T121PE,bcio3t121pe,284,אביזרים וחלקי חילוף למדיח באוקנכט,0,2
495,CTAC8780AFSNE,ctac8780afsne,286,אביזרים וחלקי חילוף לכיריים באוקנכט,0,2
292,אביזרים וחלקי חילוף למייבש אינדסיט,%d7%9e%d7%99%d7%99%d7%91%d7%a9-indesit,290,INDESIT,4,1
291,אביזרים וחלקי חילוף למכונת כביסה אינדסיט,%d7%9e%d7%9b%d7%95%d7%a0%d7%aa-%d7%9b%d7%91%d7%99%d7%a1%d7%94-indesit,290,INDESIT,3,1
465,אביזרים וחלקי חילוף למקפיא אינדסיט,%d7%9e%d7%a7%d7%a4%d7%99%d7%90-indesit,290,INDESIT,0,1
468,IWDE7125,iwde7125,291,אביזרים וחלקי חילוף למכונת כביסה אינדסיט,0,2
439,IDCA735,idca735,292,אביזרים וחלקי חילוף למייבש אינדסיט,0,2
881,IDV-75,idv-75,292,אביזרים וחלקי חילוף למייבש אינדסיט,3,2
921,IDV-79,idv-79,292,אביזרים וחלקי חילוף למייבש אינדסיט,1,2
1392,אביזרים וחלקי חילוף לסיר טיגון,%d7%90%d7%91%d7%99%d7%96%d7%a8%d7%99%d7%9d-%d7%95%d7%97%d7%9c%d7%a7%d7%99-%d7%97%d7%99%d7%9c%d7%95%d7%a3-%d7%9c%d7%a1%d7%99%d7%a8-%d7%98%d7%99%d7%92%d7%95%d7%9f,293,TEFAL,1,1
294,אביזרים וחלקי חילוף מגהץ טפל,%d7%9e%d7%92%d7%94%d7%a5,293,TEFAL,12,1
576,אביזרים וחלקי חילוף מעבדי מזון טפל,%d7%90%d7%91%d7%99%d7%96%d7%a8%d7%99%d7%9d-%d7%95%d7%97%d7%9c%d7%a7%d7%99-%d7%97%d7%99%d7%9c%d7%95%d7%a3-%d7%9e%d7%a2%d7%91%d7%93%d7%99-%d7%9e%d7%96%d7%95%d7%9f-%d7%98%d7%a4%d7%9c,293,TEFAL,1,1
481,שואב אבק,%d7%a9%d7%95%d7%90%d7%91-%d7%90%d7%91%d7%a7,293,TEFAL,0,1
347,GV-5140,gv-5140,294,אביזרים וחלקי חילוף מגהץ טפל,2,2
471,GV-5150,gv-5150,294,אביזרים וחלקי חילוף מגהץ טפל,0,2
349,GV-5225,gv-5225,294,אביזרים וחלקי חילוף מגהץ טפל,2,2
348,GV-5230,gv-5230,294,אביזרים וחלקי חילוף מגהץ טפל,2,2
346,GV-5245,gv-5245,294,אביזרים וחלקי חילוף מגהץ טפל,2,2
350,GV-5250,gv-5250,294,אביזרים וחלקי חילוף מגהץ טפל,2,2
359,GV-6720,gv-6720,294,אביזרים וחלקי חילוף מגהץ טפל,2,2
358,GV-6770,gv-6770,294,אביזרים וחלקי חילוף מגהץ טפל,2,2
485,GV-8360,gv-8360,294,אביזרים וחלקי חילוף מגהץ טפל,0,2
366,GV-8930,gv-8930,294,אביזרים וחלקי חילוף מגהץ טפל,2,2
483,GV-9061,gv-9061,294,אביזרים וחלקי חילוף מגהץ טפל,0,2
351,GV-9550,gv-9550,294,אביזרים וחלקי חילוף מגהץ טפל,3,2
362,GV-9560,gv-9560,294,אביזרים וחלקי חילוף מגהץ טפל,2,2
363,GV-9565EO,gv-9565eo,294,אביזרים וחלקי חילוף מגהץ טפל,2,2
353,GV-9581,gv-9581,294,אביזרים וחלקי חילוף מגהץ טפל,3,2
352,GV-9610,gv-9610,294,אביזרים וחלקי חילוף מגהץ טפל,2,2
508,GV-9821,gv-9821,294,אביזרים וחלקי חילוף מגהץ טפל,2,2
1171,GV8930G0,gv8930g0,294,אביזרים וחלקי חילוף מגהץ טפל,1,2
364,GV9581,gv9581,294,אביזרים וחלקי חילוף מגהץ טפל,1,2
509,GV9720E0,gv9720e0,294,אביזרים וחלקי חילוף מגהץ טפל,0,2
1166,GV9820,gv9820,294,אביזרים וחלקי חילוף מגהץ טפל,1,2
470,GV9821E0,gv9821e0,294,אביזרים וחלקי חילוף מגהץ טפל,1,2
354,SV-6020,sv-6020,294,אביזרים וחלקי חילוף מגהץ טפל,2,2
357,SV-6035,sv-6035,294,אביזרים וחלקי חילוף מגהץ טפל,2,2
355,SV-6040,sv-6040,294,אביזרים וחלקי חילוף מגהץ טפל,2,2
356,SV-6050,sv-6050,294,אביזרים וחלקי חילוף מגהץ טפל,2,2
480,SV-6130,sv-6130,294,אביזרים וחלקי חילוף מגהץ טפל,0,2
365,SV-7030,sv-7030,294,אביזרים וחלקי חילוף מגהץ טפל,2,2
484,SV-7112,sv-7112,294,אביזרים וחלקי חילוף מגהץ טפל,0,2
457,SV-8055,sv-8055,294,אביזרים וחלקי חילוף מגהץ טפל,1,2
360,SV-9201,sv-9201,294,אביזרים וחלקי חילוף מגהץ טפל,2,2
581,SV8022,sv8022,294,אביזרים וחלקי חילוף מגהץ טפל,1,2
580,SV8062,sv8062,294,אביזרים וחלקי חילוף מגהץ טפל,1,2
297,אביזרים וחלקי חילוף למדיח הובר,%d7%9e%d7%93%d7%99%d7%97-hoover,295,HOOVER,3,1
298,אביזרים וחלקי חילוף למייבש הובר,%d7%9e%d7%99%d7%99%d7%91%d7%a9-hoover,295,HOOVER,4,1
296,אביזרים וחלקי חילוף למכונת כביסה הובר,%d7%9e%d7%9b%d7%95%d7%a0%d7%aa-%d7%9b%d7%91%d7%99%d7%a1%d7%94-hoover,295,HOOVER,5,1
489,H3W272DE,h3w272de,296,אביזרים וחלקי חילוף למכונת כביסה הובר,1,2
1403,H3W282DE,h3w282de,296,אביזרים וחלקי חילוף למכונת כביסה הובר,1,2
442,H3W28TME,h3w28tme,296,אביזרים וחלקי חילוף למכונת כביסה הובר,1,2
1404,H3W292DE,h3w292de,296,אביזרים וחלקי חילוף למכונת כביסה הובר,1,2
1405,H3W4472DE1S,h3w4472de1s,296,אביזרים וחלקי חילוף למכונת כביסה הובר,1,2
443,H3WP284TM,h3wp284tm,296,אביזרים וחלקי חילוף למכונת כביסה הובר,1,2
1406,H3WP284TM-ISR,h3wp284tm-isr,296,אביזרים וחלקי חילוף למכונת כביסה הובר,1,2
1407,H3WP294TM-ISR,h3wp294tm-isr,296,אביזרים וחלקי חילוף למכונת כביסה הובר,1,2
979,DXC10TCE-S,dxc10tce-s,298,אביזרים וחלקי חילוף למייבש הובר,1,2
977,DXOC10TCE,dxoc10tce,298,אביזרים וחלקי חילוף למייבש הובר,1,2
978,DXOC9TCE-80,dxoc9tce-80,298,אביזרים וחלקי חילוף למייבש הובר,1,2
976,DXOC9TCE-ISR,dxoc9tce-isr,298,אביזרים וחלקי חילוף למייבש הובר,1,2
975,DXOC9TCE80,dxoc9tce80,298,אביזרים וחלקי חילוף למייבש הובר,1,2
839,HLC8DG-80,hlc8dg-80,298,אביזרים וחלקי חילוף למייבש הובר,2,2
968,HLEC10TCE,hlec10tce,298,אביזרים וחלקי חילוף למייבש הובר,1,2
969,HLEC10TEXISR,hlec10texisr,298,אביזרים וחלקי חילוף למייבש הובר,1,2
970,HLEC8TEXISR,hlec8texisr,298,אביזרים וחלקי חילוף למייבש הובר,1,2
971,HLEC9TEXISR,hlec9texisr,298,אביזרים וחלקי חילוף למייבש הובר,1,2
845,HLEV8DGISR,hlev8dgisr,298,אביזרים וחלקי חילוף למייבש הובר,2,2
846,HLEV9DGISR,hlev9dgisr,298,אביזרים וחלקי חילוף למייבש הובר,2,2
844,HLV9DG-80,hlv9dg-80,298,אביזרים וחלקי חילוף למייבש הובר,2,2
840,HLXC8TG-S,hlxc8tg-s,298,אביזרים וחלקי חילוף למייבש הובר,2,2
972,Hoover DMCD1013BXS,hoover-dmcd1013bxs,298,אביזרים וחלקי חילוף למייבש הובר,1,2
973,NDC10TSBES,ndc10tsbes,298,אביזרים וחלקי חילוף למייבש הובר,1,2
974,NDPC10TCBEX,ndpc10tcbex,298,אביזרים וחלקי חילוף למייבש הובר,1,2
300,אביזרים וחלקי חילוף לבלנדר מולינקס,%d7%91%d7%9c%d7%a0%d7%93%d7%a8,299,Moulinex,1,1
573,אביזרים וחלקי חילוף למטחנת בשר מולינקס,%d7%9e%d7%98%d7%97%d7%a0%d7%aa-%d7%91%d7%a9%d7%a8,299,Moulinex,4,1
301,אביזרים וחלקי חילוף למיקסר מולינקס,%d7%9e%d7%99%d7%a7%d7%a1%d7%a8,299,Moulinex,3,1
302,אביזרים וחלקי חילוף למעבד מזון מולינקס,%d7%9e%d7%a2%d7%91%d7%93,299,Moulinex,8,1
1409,QA503D27,qa503d27,301,אביזרים וחלקי חילוף למיקסר מולינקס,1,2
1412,DO622125,do622125,302,אביזרים וחלקי חילוף למעבד מזון מולינקס,1,2
563,FP211127,fp211127,302,אביזרים וחלקי חילוף למעבד מזון מולינקס,2,2
1413,FP4101AA,fp4101aa,302,אביזרים וחלקי חילוף למעבד מזון מולינקס,1,2
578,FP645H27,fp645h27,302,אביזרים וחלקי חילוף למעבד מזון מולינקס,1,2
577,FP654127,fp654127,302,אביזרים וחלקי חילוף למעבד מזון מולינקס,1,2
579,FP659GBM,fp659gbm,302,אביזרים וחלקי חילוף למעבד מזון מולינקס,2,2
1239,FP821811,fp821811,302,אביזרים וחלקי חילוף למעבד מזון מולינקס,2,2
1410,FP821827,fp821827,302,אביזרים וחלקי חילוף למעבד מזון מולינקס,1,2
1411,FP822110,fp822110,302,אביזרים וחלקי חילוף למעבד מזון מולינקס,1,2
569,FP822127,fp822127,302,אביזרים וחלקי חילוף למעבד מזון מולינקס,3,2
1240,FP824H10,fp824h10,302,אביזרים וחלקי חילוף למעבד מזון מולינקס,2,2
570,FP824H27,fp824h27,302,אביזרים וחלקי חילוף למעבד מזון מולינקס,2,2
1241,FP825E10,fp825e10,302,אביזרים וחלקי חילוף למעבד מזון מולינקס,2,2
571,FP826H27,fp826h27,302,אביזרים וחלקי חילוף למעבד מזון מולינקס,2,2
572,FP827E27,fp827e27,302,אביזרים וחלקי חילוף למעבד מזון מולינקס,2,2
1242,FP828H10,fp828h10,302,אביזרים וחלקי חילוף למעבד מזון מולינקס,2,2
1243,FP828H27,fp828h27,302,אביזרים וחלקי חילוף למעבד מזון מולינקס,2,2
305,אביזרים וחלקי חילוף לאוזניות בוס,%d7%90%d7%95%d7%96%d7%a0%d7%99%d7%95%d7%aa,303,BOSE,4,1
304,אביזרים וחלקי חילוף לרמקולים בוס,%d7%a8%d7%9e%d7%a7%d7%95%d7%9c%d7%99%d7%9d,303,BOSE,3,1
478,SOUNDBAR 700,soundbar-700,304,אביזרים וחלקי חילוף לרמקולים בוס,1,2
923,SOUNDBAR 900,soundbar-900,304,אביזרים וחלקי חילוף לרמקולים בוס,1,2
922,SOUNDBARR500,soundbarr500,304,אביזרים וחלקי חילוף לרמקולים בוס,0,2
479,SoundTouch 300,soundtouch-300,304,אביזרים וחלקי חילוף לרמקולים בוס,0,2
1224,NC-700,nc-700,305,אביזרים וחלקי חילוף לאוזניות בוס,1,2
941,QuietComfort 35,quietcomfort-35,305,אביזרים וחלקי חילוף לאוזניות בוס,2,2
942,QuietComfort 35 II,quietcomfort-35-ii,305,אביזרים וחלקי חילוף לאוזניות בוס,2,2
308,אביזרים וחלקי חילוף לאוזניות JBL,%d7%90%d7%95%d7%96%d7%a0%d7%99%d7%95%d7%aa-jbl,306,JBL,1,1
307,אביזרים וחלקי חילוף לרמקולים JBL,%d7%a8%d7%9e%d7%a7%d7%95%d7%9c%d7%99%d7%9d-jbl,306,JBL,1,1
310,בלנדר,%d7%91%d7%9c%d7%a0%d7%93%d7%a8-samurai,309,Samurai,1,1
311,מיקסר,%d7%9e%d7%99%d7%a7%d7%a1%d7%a8-samurai,309,Samurai,1,1
312,מעבד,%d7%9e%d7%a2%d7%91%d7%93-samurai,309,Samurai,1,1
510,SUFP100,sufp100,312,מעבד,0,2
315,אביזרים וחלקי חילוף למדיח כלים זנוסי,%d7%90%d7%91%d7%99%d7%96%d7%a8%d7%99%d7%9d-%d7%95%d7%97%d7%9c%d7%a7%d7%99-%d7%97%d7%99%d7%9c%d7%95%d7%a3-%d7%9c%d7%9e%d7%93%d7%99%d7%97-%d7%9b%d7%9c%d7%99%d7%9d-%d7%96%d7%a0%d7%95%d7%a1%d7%99,313,ZANUSSI,6,1
318,אביזרים וחלקי חילוף למייבש זנוסי,%d7%90%d7%91%d7%99%d7%96%d7%a8%d7%99%d7%9d-%d7%95%d7%97%d7%9c%d7%a7%d7%99-%d7%97%d7%99%d7%9c%d7%95%d7%a3-%d7%9c%d7%9e%d7%99%d7%99%d7%91%d7%a9-%d7%96%d7%a0%d7%95%d7%a1%d7%99,313,ZANUSSI,10,1
316,אביזרים וחלקי חילוף לתנור זנוסי,%d7%aa%d7%a0%d7%95%d7%a8-zanussi,313,ZANUSSI,4,1
317,כיריים,%d7%9b%d7%99%d7%a8%d7%99%d7%99%d7%9d-zanussi,313,ZANUSSI,1,1
314,מכונת כביסה,%d7%9e%d7%9b%d7%95%d7%a0%d7%aa-%d7%9b%d7%91%d7%99%d7%a1%d7%94-zanussi,313,ZANUSSI,5,1
727,ZWF714631,zwf714631,314,מכונת כביסה,1,2
728,ZWF81263,zwf81263,314,מכונת כביסה,1,2
729,ZWF81467,zwf81467,314,מכונת כביסה,1,2
730,ZWF91483WR,zwf91483wr,314,מכונת כביסה,1,2
1016,ZDF26001WA,zdf26001wa,315,אביזרים וחלקי חילוף למדיח כלים זנוסי,1,2
980,ZDSN653X2,zdsn653x2,315,אביזרים וחלקי חילוף למדיח כלים זנוסי,1,2
1225,ZCK67326XA,zck67326xa,316,אביזרים וחלקי חילוף לתנור זנוסי,1,2
474,ZOB32701,zob32701,316,אביזרים וחלקי חילוף לתנור זנוסי,1,2
741,ZOB32801,zob32801,316,אביזרים וחלקי חילוף לתנור זנוסי,1,2
742,ZOB35772,zob35772,316,אביזרים וחלקי חילוף לתנור זנוסי,1,2
743,ZOB35882,zob35882,316,אביזרים וחלקי חילוף לתנור זנוסי,1,2
744,ZOB35884,zob35884,316,אביזרים וחלקי חילוף לתנור זנוסי,1,2
745,ZOB35922,zob35922,316,אביזרים וחלקי חילוף לתנור זנוסי,1,2
473,ZOHNA7X1A,zohna7x1a,316,אביזרים וחלקי חילוף לתנור זנוסי,0,2
1376,ZOHNA7X9A,zohna7x9a,316,אביזרים וחלקי חילוף לתנור זנוסי,1,2
746,ZOP37924,zop37924,316,אביזרים וחלקי חילוף לתנור זנוסי,1,2
747,ZOP37962,zop37962,316,אביזרים וחלקי חילוף לתנור זנוסי,1,2
748,ZOP37972,zop37972,316,אביזרים וחלקי חילוף לתנור זנוסי,1,2
749,ZOP38909,zop38909,316,אביזרים וחלקי חילוף לתנור זנוסי,1,2
882,ZDC68560W,zdc68560w,318,אביזרים וחלקי חילוף למייבש זנוסי,1,2
754,ZDC8206W,zdc8206w,318,אביזרים וחלקי חילוף למייבש זנוסי,1,2
755,ZDCB284B,zdcb284b,318,אביזרים וחלקי חילוף למייבש זנוסי,1,2
753,ZDCB284W,zdcb284w,318,אביזרים וחלקי חילוף למייבש זנוסי,2,2
885,ZDE7106PZ,zde7106pz,318,אביזרים וחלקי חילוף למייבש זנוסי,3,2
756,ZDHF286H,zdhf286h,318,אביזרים וחלקי חילוף למייבש זנוסי,2,2
886,ZDP7202PZ,zdp7202pz,318,אביזרים וחלקי חילוף למייבש זנוסי,0,2
887,ZDP7206P,zdp7206p,318,אביזרים וחלקי חילוף למייבש זנוסי,0,2
496,ZDP7206PZ,zdp7206pz,318,אביזרים וחלקי חילוף למייבש זנוסי,2,2
757,ZDPB274,zdpb274,318,אביזרים וחלקי חילוף למייבש זנוסי,4,2
758,ZDPB274B,zdpb274b,318,אביזרים וחלקי חילוף למייבש זנוסי,4,2
883,ZTE7100PZ,zte7100pz,318,אביזרים וחלקי חילוף למייבש זנוסי,4,2
884,ZTE7103BZ,zte7103bz,318,אביזרים וחלקי חילוף למייבש זנוסי,3,2
324,אביזרים וחלקי חילוף לכיריים בלומברג,%d7%9b%d7%99%d7%a8%d7%99%d7%99%d7%9d-blomberg,319,BLOMBERG,1,1
321,אביזרים וחלקי חילוף למדיח בלומברג,%d7%9e%d7%93%d7%99%d7%97-blomberg,319,BLOMBERG,23,1
326,אביזרים וחלקי חילוף למייבש בלומברג,%d7%9e%d7%99%d7%99%d7%91%d7%a9-blomberg,319,BLOMBERG,16,1
320,אביזרים וחלקי חילוף למכונת כביסה בלומברג,%d7%9e%d7%9b%d7%95%d7%a0%d7%aa-%d7%9b%d7%91%d7%99%d7%a1%d7%94-blomberg,319,BLOMBERG,10,1
322,אביזרים וחלקי חילוף למקפיא בלומברג,%d7%9e%d7%a7%d7%a4%d7%99%d7%90-blomberg,319,BLOMBERG,23,1
325,אביזרים וחלקי חילוף למקרר בלומברג,%d7%9e%d7%a7%d7%a8%d7%a8-blomberg,319,BLOMBERG,115,1
323,אביזרים וחלקי חילוף לתנור בלומברג,%d7%aa%d7%a0%d7%95%d7%a8-blomberg,319,BLOMBERG,9,1
988,BB7107UM,bb7107um,320,אביזרים וחלקי חילוף למכונת כביסה בלומברג,1,2
987,BB8107UM,bb8107um,320,אביזרים וחלקי חילוף למכונת כביסה בלומברג,1,2
807,LWF27442,lwf27442,320,אביזרים וחלקי חילוף למכונת כביסה בלומברג,2,2
809,LWF28441,lwf28441,320,אביזרים וחלקי חילוף למכונת כביסה בלומברג,2,2
808,LWF29441,lwf29441,320,אביזרים וחלקי חילוף למכונת כביסה בלומברג,2,2
686,LWF7107W,lwf7107w,320,אביזרים וחלקי חילוף למכונת כביסה בלומברג,2,2
687,LWF7109W,lwf7109w,320,אביזרים וחלקי חילוף למכונת כביסה בלומברג,2,2
688,LWF8107W,lwf8107w,320,אביזרים וחלקי חילוף למכונת כביסה בלומברג,2,2
661,GIN209P8,gin209p8,321,אביזרים וחלקי חילוף למדיח בלומברג,8,2
1115,GIN210P,gin210p,321,אביזרים וחלקי חילוף למדיח בלומברג,2,2
1102,GSN011P5,gsn011p5,321,אביזרים וחלקי חילוף למדיח בלומברג,2,2
906,GSN1210,gsn1210,321,אביזרים וחלקי חילוף למדיח בלומברג,1,2
662,GSN207P8,gsn207p8,321,אביזרים וחלקי חילוף למדיח בלומברג,6,2
663,GSN209P8,gsn209p8,321,אביזרים וחלקי חילוף למדיח בלומברג,8,2
664,GSN409P8,gsn409p8,321,אביזרים וחלקי חילוף למדיח בלומברג,9,2
1148,GSN9583,gsn9583,321,אביזרים וחלקי חילוף למדיח בלומברג,1,2
665,GSS219P6,gss219p6,321,אביזרים וחלקי חילוף למדיח בלומברג,4,2
1149,GSVP2150,gsvp2150,321,אביזרים וחלקי חילוף למדיח בלומברג,1,2
717,GVN209P8,gvn209p8,321,אביזרים וחלקי חילוף למדיח בלומברג,6,2
666,GVN407P8,gvn407p8,321,אביזרים וחלקי חילוף למדיח בלומברג,7,2
667,GVN409P8,gvn409p8,321,אביזרים וחלקי חילוף למדיח בלומברג,9,2
1103,LDF30210,ldf30210,321,אביזרים וחלקי חילוף למדיח בלומברג,3,2
1150,LDF30210W,ldf30210w,321,אביזרים וחלקי חילוף למדיח בלומברג,1,2
999,FNE1530,fne1530,322,אביזרים וחלקי חילוף למקפיא בלומברג,1,2
501,FNE1531,fne1531,322,אביזרים וחלקי חילוף למקפיא בלומברג,1,2
1000,FNE1533,fne1533,322,אביזרים וחלקי חילוף למקפיא בלומברג,1,2
1049,FNT3661,fnt3661,322,אביזרים וחלקי חילוף למקפיא בלומברג,1,2
675,FNT3666,fnt3666,322,אביזרים וחלקי חילוף למקפיא בלומברג,9,2
676,FNT3668,fnt3668,322,אביזרים וחלקי חילוף למקפיא בלומברג,9,2
677,FNT3674,fnt3674,322,אביזרים וחלקי חילוף למקפיא בלומברג,13,2
1014,FNT3676,fnt3676,322,אביזרים וחלקי חילוף למקפיא בלומברג,3,2
678,FNT3677,fnt3677,322,אביזרים וחלקי חילוף למקפיא בלומברג,12,2
679,FNT3678,fnt3678,322,אביזרים וחלקי חילוף למקפיא בלומברג,11,2
680,FNT3684,fnt3684,322,אביזרים וחלקי חילוף למקפיא בלומברג,9,2
1050,FNT3685,fnt3685,322,אביזרים וחלקי חילוף למקפיא בלומברג,1,2
1015,FNT3686,fnt3686,322,אביזרים וחלקי חילוף למקפיא בלומברג,3,2
1023,FNT3686W,fnt3686w,322,אביזרים וחלקי חילוף למקפיא בלומברג,2,2
1009,FNT7008,fnt7008,322,אביזרים וחלקי חילוף למקפיא בלומברג,1,2
1037,FNT9551,fnt9551,322,אביזרים וחלקי חילוף למקפיא בלומברג,3,2
1038,FNT9553,fnt9553,322,אביזרים וחלקי חילוף למקפיא בלומברג,4,2
1047,FNT9557,fnt9557,322,אביזרים וחלקי חילוף למקפיא בלומברג,3,2
459,FNT9670,fnt9670,322,אביזרים וחלקי חילוף למקפיא בלומברג,2,2
681,FNT9673,fnt9673,322,אביזרים וחלקי חילוף למקפיא בלומברג,9,2
836,BEO9770,beo9770,323,אביזרים וחלקי חילוף לתנור בלומברג,1,2
718,HDWN8133,hdwn8133,323,אביזרים וחלקי חילוף לתנור בלומברג,4,2
719,HGN8333,hgn8333,323,אביזרים וחלקי חילוף לתנור בלומברג,4,2
720,HGN8433,hgn8433,323,אביזרים וחלקי חילוף לתנור בלומברג,4,2
721,HGN933Z,hgn933z,323,אביזרים וחלקי חילוף לתנור בלומברג,4,2
722,HGN9533Z,hgn9533z,323,אביזרים וחלקי חילוף לתנור בלומברג,3,2
410,OEN7121X,oen7121x,323,אביזרים וחלקי חילוף לתנור בלומברג,3,2
723,OZN9321X,ozn9321x,323,אביזרים וחלקי חילוף לתנור בלומברג,4,2
750,OZN9331X,ozn9331x,323,אביזרים וחלקי חילוף לתנור בלומברג,3,2
1004,DND9980,dnd9980,325,אביזרים וחלקי חילוף למקרר בלומברג,11,2
1010,DNE1870,dne1870,325,אביזרים וחלקי חילוף למקרר בלומברג,3,2
1048,KND2409,knd2409,325,אביזרים וחלקי חילוף למקרר בלומברג,1,2
1012,KND3720,knd3720,325,אביזרים וחלקי חילוף למקרר בלומברג,4,2
411,KND3950,knd3950,325,אביזרים וחלקי חילוף למקרר בלומברג,30,2
1033,KND3954,knd3954,325,אביזרים וחלקי חילוף למקרר בלומברג,5,2
703,KND3954XP,knd3954xp,325,אביזרים וחלקי חילוף למקרר בלומברג,23,2
704,KND3955,knd3955,325,אביזרים וחלקי חילוף למקרר בלומברג,29,2
500,KND3955X,knd3955x,325,אביזרים וחלקי חילוף למקרר בלומברג,32,2
1034,KND3956,knd3956,325,אביזרים וחלקי חילוף למקרר בלומברג,7,2
705,KND3956XPP,knd3956xpp,325,אביזרים וחלקי חילוף למקרר בלומברג,30,2
1035,KND3958,knd3958,325,אביזרים וחלקי חילוף למקרר בלומברג,7,2
989,KND3958XPP,knd3958xpp,325,אביזרים וחלקי חילוף למקרר בלומברג,26,2
1040,KND3965,knd3965,325,אביזרים וחלקי חילוף למקרר בלומברג,4,2
990,KND3965XBRP,knd3965xbrp,325,אביזרים וחלקי חילוף למקרר בלומברג,23,2
1036,KND3968,knd3968,325,אביזרים וחלקי חילוף למקרר בלומברג,7,2
706,KND3968EXBRP,knd3968exbrp,325,אביזרים וחלקי חילוף למקרר בלומברג,28,2
991,KND3968W,knd3968w,325,אביזרים וחלקי חילוף למקרר בלומברג,21,2
1002,KND9921,knd9921,325,אביזרים וחלקי חילוף למקרר בלומברג,7,2
436,KND9950,knd9950,325,אביזרים וחלקי חילוף למקרר בלומברג,2,2
1039,KNE5840,kne5840,325,אביזרים וחלקי חילוף למקרר בלומברג,1,2
460,KQD1110IN,kqd1110in,325,אביזרים וחלקי חילוף למקרר בלומברג,1,2
374,KQD1250X,kqd1250x,325,אביזרים וחלקי חילוף למקרר בלומברג,3,2
370,KQD1360,kqd1360,325,אביזרים וחלקי חילוף למקרר בלומברג,5,2
660,KQD1361,kqd1361,325,אביזרים וחלקי חילוף למקרר בלומברג,6,2
432,KQD1370,kqd1370,325,אביזרים וחלקי חילוף למקרר בלומברג,0,2
371,KQD1370IN,kqd1370in,325,אביזרים וחלקי חילוף למקרר בלומברג,1,2
372,KQD1611,kqd1611,325,אביזרים וחלקי חילוף למקרר בלומברג,1,2
653,KQD1616,kqd1616,325,אביזרים וחלקי חילוף למקרר בלומברג,24,2
1022,KQD1617,kqd1617,325,אביזרים וחלקי חילוף למקרר בלומברג,2,2
707,KQD1617X,kqd1617x,325,אביזרים וחלקי חילוף למקרר בלומברג,14,2
1020,KQD1620,kqd1620,325,אביזרים וחלקי חילוף למקרר בלומברג,12,2
512,KQD1620GB,kqd1620gb,325,אביזרים וחלקי חילוף למקרר בלומברג,40,2
373,KQD1620X,kqd1620x,325,אביזרים וחלקי חילוף למקרר בלומברג,39,2
1021,KQD1621,kqd1621,325,אביזרים וחלקי חילוף למקרר בלומברג,7,2
654,KQD1621GB,kqd1621gb,325,אביזרים וחלקי חילוף למקרר בלומברג,34,2
1027,KQD1622,kqd1622,325,אביזרים וחלקי חילוף למקרר בלומברג,3,2
655,KQD1622GB,kqd1622gb,325,אביזרים וחלקי חילוף למקרר בלומברג,25,2
1028,KQD1623,kqd1623,325,אביזרים וחלקי חילוף למקרר בלומברג,5,2
659,KQD1623GW,kqd1623gw,325,אביזרים וחלקי חילוף למקרר בלומברג,21,2
1019,KQD1625,kqd1625,325,אביזרים וחלקי חילוף למקרר בלומברג,8,2
656,KQD1625XP,kqd1625xp,325,אביזרים וחלקי חילוף למקרר בלומברג,28,2
1029,KQD1626,kqd1626,325,אביזרים וחלקי חילוף למקרר בלומברג,4,2
657,KQD1626XP,kqd1626xp,325,אביזרים וחלקי חילוף למקרר בלומברג,20,2
1007,KQD1628,kqd1628,325,אביזרים וחלקי חילוף למקרר בלומברג,13,2
1030,KQD1635,kqd1635,325,אביזרים וחלקי חילוף למקרר בלומברג,3,2
658,KQD1635XBR,kqd1635xbr,325,אביזרים וחלקי חילוף למקרר בלומברג,24,2
902,KQD1636XBR,kqd1636xbr,325,אביזרים וחלקי חילוף למקרר בלומברג,1,2
1031,KQD1638,kqd1638,325,אביזרים וחלקי חילוף למקרר בלומברג,3,2
903,KQD1638XBR,kqd1638xbr,325,אביזרים וחלקי חילוף למקרר בלומברג,17,2
1032,KQD1644,kqd1644,325,אביזרים וחלקי חילוף למקרר בלומברג,3,2
904,KQD1644GB,kqd1644gb,325,אביזרים וחלקי חילוף למקרר בלומברג,19,2
1008,KQD1780,kqd1780,325,אביזרים וחלקי חילוף למקרר בלומברג,1,2
462,KWD1440,kwd1440,325,אביזרים וחלקי חילוף למקרר בלומברג,1,2
708,MKND3880,mknd3880,325,אביזרים וחלקי חילוף למקרר בלומברג,4,2
998,MKND3880WG,mknd3880wg,325,אביזרים וחלקי חילוף למקרר בלומברג,4,2
1013,MKNDi3880,mkndi3880,325,אביזרים וחלקי חילוף למקרר בלומברג,2,2
498,TAF7239,taf7239,326,אביזרים וחלקי חילוף למייבש בלומברג,0,2
776,TAF8239,taf8239,326,אביזרים וחלקי חילוף למייבש בלומברג,3,2
777,TAF8249,taf8249,326,אביזרים וחלקי חילוף למייבש בלומברג,3,2
778,TGA170PZ,tga170pz,326,אביזרים וחלקי חילוף למייבש בלומברג,4,2
779,TGA180PZ,tga180pz,326,אביזרים וחלקי חילוף למייבש בלומברג,4,2
780,TGA182PZ,tga182pz,326,אביזרים וחלקי חילוף למייבש בלומברג,2,2
691,TGE583WTX,tge583wtx,326,אביזרים וחלקי חילוף למייבש בלומברג,2,2
690,TGE593WTX,tge593wtx,326,אביזרים וחלקי חילוף למייבש בלומברג,2,2
783,TGS483WRX0,tgs483wrx0,326,אביזרים וחלקי חילוף למייבש בלומברג,1,2
781,TGU380W,tgu380w,326,אביזרים וחלקי חילוף למייבש בלומברג,2,2
765,TGU470WO,tgu470wo,326,אביזרים וחלקי חילוף למייבש בלומברג,3,2
766,TGU480RW0,tgu480rw0,326,אביזרים וחלקי חילוף למייבש בלומברג,4,2
786,TGU480RX0,tgu480rx0,326,אביזרים וחלקי חילוף למייבש בלומברג,2,2
767,TGU480W0,tgu480w0,326,אביזרים וחלקי חילוף למייבש בלומברג,2,2
782,TGU490RXO,tgu490rxo,326,אביזרים וחלקי חילוף למייבש בלומברג,2,2
689,TGU572WRX,tgu572wrx,326,אביזרים וחלקי חילוף למייבש בלומברג,3,2
673,TGU582WRX,tgu582wrx,326,אביזרים וחלקי חילוף למייבש בלומברג,5,2
674,TGU592WRX,tgu592wrx,326,אביזרים וחלקי חילוף למייבש בלומברג,4,2
497,TKF9431A,tkf9431a,326,אביזרים וחלקי חילוף למייבש בלומברג,0,2
671,TXU570WPX,txu570wpx,326,אביזרים וחלקי חילוף למייבש בלומברג,5,2
672,TXU580WTX,txu580wtx,326,אביזרים וחלקי חילוף למייבש בלומברג,5,2
332,אביזרים וחלקי חילוף לכיריים גרונדיג,%d7%9b%d7%99%d7%a8%d7%99%d7%99%d7%9d-grundig,327,GRUNDIG,1,1
329,אביזרים וחלקי חילוף למדיח גרונדיג,%d7%9e%d7%93%d7%99%d7%97-grundig,327,GRUNDIG,14,1
334,אביזרים וחלקי חילוף למייבש גרונדיג,%d7%9e%d7%99%d7%99%d7%91%d7%a9-grundig,327,GRUNDIG,3,1
328,אביזרים וחלקי חילוף למכונת כביסה גרונדיג,%d7%9e%d7%9b%d7%95%d7%a0%d7%aa-%d7%9b%d7%91%d7%99%d7%a1%d7%94-grundig,327,GRUNDIG,6,1
330,אביזרים וחלקי חילוף למקפיא גרונדיג,%d7%9e%d7%a7%d7%a4%d7%99%d7%90-grundig,327,GRUNDIG,6,1
333,אביזרים וחלקי חילוף למקרר גרונדיג,%d7%9e%d7%a7%d7%a8%d7%a8-grundig,327,GRUNDIG,33,1
331,אביזרים וחלקי חילוף לתנור גרונדיג,%d7%aa%d7%a0%d7%95%d7%a8-grundig,327,GRUNDIG,3,1
734,G5WFT59418WSF,g5wft59418wsf,328,אביזרים וחלקי חילוף למכונת כביסה גרונדיג,1,2
735,GW5P5723,gw5p5723,328,אביזרים וחלקי חילוף למכונת כביסה גרונדיג,1,2
736,GW5P58410,gw5p58410,328,אביזרים וחלקי חילוף למכונת כביסה גרונדיג,1,2
738,GWM5100,gwm5100,328,אביזרים וחלקי חילוף למכונת כביסה גרונדיג,1,2
737,GWPE69E4210W,gwpe69e4210w,328,אביזרים וחלקי חילוף למכונת כביסה גרונדיג,2,2
1116,GNFP4540,gnfp4540,329,אביזרים וחלקי חילוף למדיח גרונדיג,2,2
1144,GNTP4630,gntp4630,329,אביזרים וחלקי חילוף למדיח גרונדיג,2,2
713,GNTP4630DC,gntp4630dc,329,אביזרים וחלקי חילוף למדיח גרונדיג,5,2
1145,GNVP2450,gnvp2450,329,אביזרים וחלקי חילוף למדיח גרונדיג,1,2
714,GNVP2450C,gnvp2450c,329,אביזרים וחלקי חילוף למדיח גרונדיג,4,2
1146,GNVP4542,gnvp4542,329,אביזרים וחלקי חילוף למדיח גרונדיג,2,2
715,GNVP4542C,gnvp4542c,329,אביזרים וחלקי חילוף למדיח גרונדיג,6,2
1147,GNVP4551,gnvp4551,329,אביזרים וחלקי חילוף למדיח גרונדיג,0,2
716,GNVP4551PW,gnvp4551pw,329,אביזרים וחלקי חילוף למדיח גרונדיג,2,2
1101,GNVP4630,gnvp4630,329,אביזרים וחלקי חילוף למדיח גרונדיג,3,2
611,GNVP4630BW,gnvp4630bw,329,אביזרים וחלקי חילוף למדיח גרונדיג,5,2
959,GSVP2150Q,gsvp2150q,329,אביזרים וחלקי חילוף למדיח גרונדיג,3,2
992,GFN13740N,gfn13740n,330,אביזרים וחלקי חילוף למקפיא גרונדיג,2,2
702,GFN24840N,gfn24840n,330,אביזרים וחלקי חילוף למקפיא גרונדיג,3,2
1051,GKNI56930,gkni56930,330,אביזרים וחלקי חילוף למקפיא גרונדיג,1,2
761,GEBM12304BMPIL,gebm12304bmpil,331,אביזרים וחלקי חילוף לתנור גרונדיג,1,2
762,GEBM12400BHIL,gebm12400bhil,331,אביזרים וחלקי חילוף לתנור גרונדיג,1,2
763,GEBM19400DXHI,gebm19400dxhi,331,אביזרים וחלקי חילוף לתנור גרונדיג,1,2
764,GEBM19600DXHI,gebm19600dxhi,331,אביזרים וחלקי חילוף לתנור גרונדיג,1,2
752,GEKW19400DX,gekw19400dx,331,אביזרים וחלקי חילוף לתנור גרונדיג,1,2
1011,GKN283740HXRN,gkn283740hxrn,333,אביזרים וחלקי חילוף למקרר גרונדיג,1,2
806,GKNI25740N,gkni25740n,333,אביזרים וחלקי חילוף למקרר גרונדיג,1,2
1024,GQN1621,gqn1621,333,אביזרים וחלקי חילוף למקרר גרונדיג,5,2
694,GQN1621GB,gqn1621gb,333,אביזרים וחלקי חילוף למקרר גרונדיג,21,2
650,GQN1621GW,gqn1621gw,333,אביזרים וחלקי חילוף למקרר גרונדיג,26,2
695,GQN1622GB,gqn1622gb,333,אביזרים וחלקי חילוף למקרר גרונדיג,7,2
1025,GQN21225,gqn21225,333,אביזרים וחלקי חילוף למקרר גרונדיג,4,2
651,GQN21225X,gqn21225x,333,אביזרים וחלקי חילוף למקרר גרונדיג,20,2
1026,GQN21226,gqn21226,333,אביזרים וחלקי חילוף למקרר גרונדיג,3,2
652,GQN21226X,gqn21226x,333,אביזרים וחלקי חילוף למקרר גרונדיג,19,2
775,GT485,gt485,334,אביזרים וחלקי חילוף למייבש גרונדיג,1,2
693,GT55824F12,gt55824f12,334,אביזרים וחלקי חילוף למייבש גרונדיג,1,2
692,GTPE79E23EW,gtpe79e23ew,334,אביזרים וחלקי חילוף למייבש גרונדיג,1,2
338,אביזרים וחלקי חילוף לכיריים דה דיטריש,%d7%9b%d7%99%d7%a8%d7%99%d7%99%d7%9d-de-ditrich,335,DE-DIETRICH,1,1
336,אביזרים וחלקי חילוף למדיח דה דיטריש,%d7%9e%d7%93%d7%99%d7%97-de-ditrich,335,DE-DIETRICH,3,1
341,אביזרים וחלקי חילוף למייבש דה דיטריש,%d7%9e%d7%99%d7%99%d7%91%d7%a9-de-ditrich,335,DE-DIETRICH,1,1
963,אביזרים וחלקי חילוף למכונת כביסה דה דיטריש,%d7%90%d7%91%d7%99%d7%96%d7%a8%d7%99%d7%9d-%d7%95%d7%97%d7%9c%d7%a7%d7%99-%d7%97%d7%99%d7%9c%d7%95%d7%a3-%d7%9c%d7%9e%d7%9b%d7%95%d7%a0%d7%aa-%d7%9b%d7%91%d7%99%d7%a1%d7%94-%d7%93%d7%94-%d7%93%d7%99,335,DE-DIETRICH,1,1
339,אביזרים וחלקי חילוף למקפיא דה דיטריש,%d7%9e%d7%a7%d7%a4%d7%99%d7%90-de-ditrich,335,DE-DIETRICH,1,1
340,אביזרים וחלקי חילוף למקרר דה דיטריש,%d7%9e%d7%a7%d7%a8%d7%a8-de-ditrich,335,DE-DIETRICH,1,1
790,אביזרים וחלקי חילוף לקולט אדים דה דיטריש,%d7%a7%d7%95%d7%9c%d7%98-%d7%90%d7%93%d7%99%d7%9d-de-dietrich,335,DE-DIETRICH,1,1
337,אביזרים וחלקי חילוף לתנור דה דיטריש,%d7%aa%d7%a0%d7%95%d7%a8-de-ditrich,335,DE-DIETRICH,2,1
1372,DOP350D,dop350d,337,אביזרים וחלקי חילוף לתנור דה דיטריש,1,2
511,DOP730XJ,dop730xj,337,אביזרים וחלקי חילוף לתנור דה דיטריש,0,2
456,DOS7585X,dos7585x,337,אביזרים וחלקי חילוף לתנור דה דיטריש,0,2
344,אביזרים וחלקי חילוף למקפיא פיאבה,%d7%9e%d7%a7%d7%a4%d7%99%d7%90-fhiaba,342,FHIABA,1,1
343,אביזרים וחלקי חילוף למקרר פיאבה,%d7%9e%d7%a7%d7%a8%d7%a8-fhiaba,342,FHIABA,1,1
368,אביזרים וחלקי חילוף למכונות קפה פיליפס,%d7%9e%d7%9b%d7%95%d7%a0%d7%95%d7%aa-%d7%a7%d7%a4%d7%94,367,Philips,16,1
609,EP0820,ep0820,368,אביזרים וחלקי חילוף למכונות קפה פיליפס,1,2
608,EP1200,ep1200,368,אביזרים וחלקי חילוף למכונות קפה פיליפס,1,2
610,EP2200,ep2200,368,אביזרים וחלקי חילוף למכונות קפה פיליפס,1,2
499,EP4327/90,ep4327-90,368,אביזרים וחלקי חילוף למכונות קפה פיליפס,0,2
567,GranAroma,granaroma,368,אביזרים וחלקי חילוף למכונות קפה פיליפס,5,2
568,Saeco,saeco,368,אביזרים וחלקי חילוף למכונות קפה פיליפס,5,2
607,SM7683,sm7683,368,אביזרים וחלקי חילוף למכונות קפה פיליפס,1,2
428,CH-587,ch-587,415,אביזרים וחלקי חילוף לקולט אדים דלונגי,1,2
429,CH-887,ch-887,415,אביזרים וחלקי חילוף לקולט אדים דלונגי,1,2
793,CH1002,ch1002,415,אביזרים וחלקי חילוף לקולט אדים דלונגי,1,2
799,CH585,ch585,415,אביזרים וחלקי חילוף לקולט אדים דלונגי,1,2
416,CH589,ch589,415,אביזרים וחלקי חילוף לקולט אדים דלונגי,1,2
798,CH636,ch636,415,אביזרים וחלקי חילוף לקולט אדים דלונגי,1,2
792,CH638,ch638,415,אביזרים וחלקי חילוף לקולט אדים דלונגי,1,2
800,CH885,ch885,415,אביזרים וחלקי חילוף לקולט אדים דלונגי,2,2
421,CH891,ch891,415,אביזרים וחלקי חילוף לקולט אדים דלונגי,1,2
789,CHB-635,chb-635,415,אביזרים וחלקי חילוף לקולט אדים דלונגי,1,2
446,CHB633,chb633,415,אביזרים וחלקי חילוף לקולט אדים דלונגי,1,2
447,CHB933,chb933,415,אביזרים וחלקי חילוף לקולט אדים דלונגי,1,2
797,CHB936,chb936,415,אביזרים וחלקי חילוף לקולט אדים דלונגי,1,2
417,CHC1003,chc1003,415,אביזרים וחלקי חילוף לקולט אדים דלונגי,1,2
430,CHD977,chd977,415,אביזרים וחלקי חילוף לקולט אדים דלונגי,1,2
1346,CHG-637,chg-637,415,אביזרים וחלקי חילוף לקולט אדים דלונגי,1,2
788,CHG-649,chg-649,415,אביזרים וחלקי חילוף לקולט אדים דלונגי,1,2
787,CHG-949,chg-949,415,אביזרים וחלקי חילוף לקולט אדים דלונגי,1,2
452,CHG620,chg620,415,אביזרים וחלקי חילוף לקולט אדים דלונגי,1,2
1345,CHG637,chg637,415,אביזרים וחלקי חילוף לקולט אדים דלונגי,1,2
795,CHG641,chg641,415,אביזרים וחלקי חילוף לקולט אדים דלונגי,1,2
454,CHG642,chg642,415,אביזרים וחלקי חילוף לקולט אדים דלונגי,1,2
453,CHG920,chg920,415,אביזרים וחלקי חילוף לקולט אדים דלונגי,1,2
794,CHG941,chg941,415,אביזרים וחלקי חילוף לקולט אדים דלונגי,1,2
455,CHG942,chg942,415,אביזרים וחלקי חילוף לקולט אדים דלונגי,1,2
796,CHI951,chi951,415,אביזרים וחלקי חילוף לקולט אדים דלונגי,1,2
451,CHI955,chi955,415,אביזרים וחלקי חילוף לקולט אדים דלונגי,1,2
801,CHS305X,chs305x,415,אביזרים וחלקי חילוף לקולט אדים דלונגי,1,2
493,CHS310,chs310,415,אביזרים וחלקי חילוף לקולט אדים דלונגי,1,2
492,CHS311,chs311,415,אביזרים וחלקי חילוף לקולט אדים דלונגי,0,2
466,UI6F1TS,ui6f1ts,465,אביזרים וחלקי חילוף למקפיא אינדסיט,0,2
482,TY9679WO,ty9679wo,481,שואב אבק,0,2
1334,HV2,hv2,573,אביזרים וחלקי חילוף למטחנת בשר מולינקס,1,2
574,HV3,hv3,573,אביזרים וחלקי חילוף למטחנת בשר מולינקס,2,2
1335,HV4,hv4,573,אביזרים וחלקי חילוף למטחנת בשר מולינקס,1,2
575,HV6,hv6,573,אביזרים וחלקי חילוף למטחנת בשר מולינקס,2,2
1373,HV7 PRO,hv7-pro,573,אביזרים וחלקי חילוף למטחנת בשר מולינקס,1,2
1336,HV8,hv8,573,אביזרים וחלקי חילוף למטחנת בשר מולינקס,1,2
1339,ME110130,me110130,573,אביזרים וחלקי חילוף למטחנת בשר מולינקס,1,2
1340,ME112832,me112832,573,אביזרים וחלקי חילוף למטחנת בשר מולינקס,1,2
1338,ME306832,me306832,573,אביזרים וחלקי חילוף למטחנת בשר מולינקס,1,2
1341,ME307832,me307832,573,אביזרים וחלקי חילוף למטחנת בשר מולינקס,1,2
1342,ME308827,me308827,573,אביזרים וחלקי חילוף למטחנת בשר מולינקס,1,2
1374,ME546810,me546810,573,אביזרים וחלקי חילוף למטחנת בשר מולינקס,1,2
1375,ME548810,me548810,573,אביזרים וחלקי חילוף למטחנת בשר מולינקס,1,2
1343,NE113135,ne113135,573,אביזרים וחלקי חילוף למטחנת בשר מולינקס,1,2
1344,NE114130,ne114130,573,אביזרים וחלקי חילוף למטחנת בשר מולינקס,1,2
583,BL10,bl10,582,אביזרים וחלקי חילוף לבלנדר מג'מיקס,2,2
585,Le Duo,le-duo,584,אביזרים וחלקי חילוף למסחטת מיץ,2,2
613,אביזרים וחלקי חילוף למדיח בקו,%d7%9e%d7%93%d7%99%d7%97-beko,612,Beko,4,1
668,אביזרים וחלקי חילוף למייבש בקו,%d7%9e%d7%99%d7%99%d7%91%d7%a9-beko,612,Beko,4,1
682,אביזרים וחלקי חילוף למכונת כביסה בקו,%d7%9e%d7%9b%d7%95%d7%a0%d7%aa-%d7%9b%d7%91%d7%99%d7%a1%d7%94-beko,612,Beko,3,1
709,אביזרים וחלקי חילוף למקפיא בקו,%d7%9e%d7%a7%d7%a4%d7%99%d7%90-beko,612,Beko,4,1
644,אביזרים וחלקי חילוף למקרר בקו,%d7%9e%d7%a7%d7%a8%d7%a8-beko,612,Beko,21,1
724,אביזרים וחלקי חילוף לתנור בקו,%d7%aa%d7%a0%d7%95%d7%a8-beko,612,Beko,6,1
712,BDFN36522DQ,bdfn36522dq,613,אביזרים וחלקי חילוף למדיח בקו,2,2
614,DFDN1530X,dfdn1530x,613,אביזרים וחלקי חילוף למדיח בקו,1,2
711,DIN48520,din48520,613,אביזרים וחלקי חילוף למדיח בקו,2,2
616,אביזרים וחלקי חילוף למדיח קנדי,%d7%9e%d7%93%d7%99%d7%97-candy,615,Candy,2,1
812,אביזרים וחלקי חילוף למייבש קנדי,%d7%9e%d7%99%d7%99%d7%91%d7%a9-candy,615,Candy,4,1
1330,אביזרים וחלקי חילוף למכונת כביסה,%d7%90%d7%91%d7%99%d7%96%d7%a8%d7%99%d7%9d-%d7%95%d7%97%d7%9c%d7%a7%d7%99-%d7%97%d7%99%d7%9c%d7%95%d7%a3-%d7%9c%d7%9e%d7%9b%d7%95%d7%a0%d7%aa-%d7%9b%d7%91%d7%99%d7%a1%d7%94-candy,615,Candy,2,1
617,CDCP8ES,cdcp8es,616,אביזרים וחלקי חילוף למדיח קנדי,2,2
827,אביזרים וחלקי חילוף למייבש פיילוט,%d7%9e%d7%99%d7%99%d7%91%d7%a9-pilot,631,PILOT,3,1
870,אביזרים וחלקי חילוף למכונת כביסה פיילוט,%d7%9e%d7%9b%d7%95%d7%a0%d7%aa-%d7%9b%d7%91%d7%99%d7%a1%d7%94-pilot,631,PILOT,3,1
1388,שלטים לטלוויזיות,%d7%a9%d7%9c%d7%98%d7%99%d7%9d-%d7%9c%d7%98%d7%9c%d7%95%d7%95%d7%99%d7%96%d7%99%d7%95%d7%aa-pilot,631,PILOT,1,1
632,תנור,%d7%aa%d7%a0%d7%95%d7%a8-%d7%a4%d7%99%d7%99%d7%9c%d7%95%d7%98,631,PILOT,1,1
634,PILC60VS,pilc60vs,632,תנור,1,2
633,PILC60XVS,pilc60xvs,632,תנור,1,2
1214,אביזרים וחלקי חילוף למכונת כביסה,%d7%90%d7%91%d7%99%d7%96%d7%a8%d7%99%d7%9d-%d7%95%d7%97%d7%9c%d7%a7%d7%99-%d7%97%d7%99%d7%9c%d7%95%d7%a3-%d7%9c%d7%9e%d7%9b%d7%95%d7%a0%d7%aa-%d7%9b%d7%91%d7%99%d7%a1%d7%94,635,Bellers,1,1
636,אביזרים וחלקי חילוף לתנור בלרס,%d7%aa%d7%a0%d7%95%d7%a8-%d7%91%d7%9c%d7%a8%d7%a1,635,Bellers,1,1
637,BL1218,bl1218,636,אביזרים וחלקי חילוף לתנור בלרס,1,2
982,אביזרים וחלקי חילוף למדיח כלים לה קאזה,%d7%9e%d7%93%d7%99%d7%97-%d7%9b%d7%9c%d7%99%d7%9d-lacassa,638,LACASSA,1,1
874,אביזרים וחלקי חילוף למכונת כביסה לה קאזה,%d7%9e%d7%9b%d7%95%d7%a0%d7%aa-%d7%9b%d7%91%d7%99%d7%a1%d7%94-lacassa,638,LACASSA,3,1
802,אביזרים וחלקי חילוף לקולט אדים לה קאזה,%d7%a7%d7%95%d7%9c%d7%98-%d7%90%d7%93%d7%99%d7%9d-lacassa,638,LACASSA,1,1
639,אביזרים וחלקי חילוף לתנור לה קאזה,%d7%aa%d7%a0%d7%95%d7%a8-lacassa,638,LACASSA,3,1
740,LC8010-RD,lc8010-rd,639,אביזרים וחלקי חילוף לתנור לה קאזה,1,2
640,LCV602IX,lcv602ix,639,אביזרים וחלקי חילוף לתנור לה קאזה,1,2
900,LCV610GB,lcv610gb,639,אביזרים וחלקי חילוף לתנור לה קאזה,1,2
901,LCV610IX,lcv610ix,639,אביזרים וחלקי חילוף לתנור לה קאזה,1,2
943,אביזרים וחלקי חילוף למדיח כלים לבאמט,%d7%90%d7%91%d7%99%d7%96%d7%a8%d7%99%d7%9d-%d7%95%d7%97%d7%9c%d7%a7%d7%99-%d7%97%d7%99%d7%9c%d7%95%d7%a3-%d7%9c%d7%9e%d7%93%d7%99%d7%97-%d7%9b%d7%9c%d7%99%d7%9d-%d7%9c%d7%91%d7%90%d7%9e%d7%98,641,LAVAMAT,2,1
824,אביזרים וחלקי חילוף למייבש לבמאט,%d7%90%d7%91%d7%99%d7%96%d7%a8%d7%99%d7%9d-%d7%95%d7%97%d7%9c%d7%a7%d7%99-%d7%97%d7%99%d7%9c%d7%95%d7%a3-%d7%9c%d7%9e%d7%99%d7%99%d7%91%d7%a9-%d7%9c%d7%91%d7%9e%d7%90%d7%98,641,LAVAMAT,3,1
851,אביזרים וחלקי חילוף למכונת כביסה לבמאט,%d7%90%d7%91%d7%99%d7%96%d7%a8%d7%99%d7%9d-%d7%95%d7%97%d7%9c%d7%a7%d7%99-%d7%97%d7%99%d7%9c%d7%95%d7%a3-%d7%9c%d7%9e%d7%9b%d7%95%d7%a0%d7%aa-%d7%9b%d7%91%d7%99%d7%a1%d7%94-%d7%9c%d7%91%d7%9e%d7%90,641,LAVAMAT,3,1
642,אביזרים וחלקי חילוף לתנור לבמאט,%d7%90%d7%91%d7%99%d7%96%d7%a8%d7%99%d7%9d-%d7%95%d7%97%d7%9c%d7%a7%d7%99-%d7%97%d7%99%d7%9c%d7%95%d7%a3-%d7%9c%d7%aa%d7%a0%d7%95%d7%a8-%d7%9c%d7%91%d7%9e%d7%90%d7%98,641,LAVAMAT,1,1
643,LVO5555,lvo5555,642,אביזרים וחלקי חילוף לתנור לבמאט,1,2
696,CN160230X,cn160230x,644,אביזרים וחלקי חילוף למקרר בקו,4,2
697,CN160236XB,cn160236xb,644,אביזרים וחלקי חילוף למקרר בקו,4,2
698,CN160238W,cn160238w,644,אביזרים וחלקי חילוף למקרר בקו,5,2
699,CN160241XB,cn160241xb,644,אביזרים וחלקי חילוף למקרר בקו,5,2
1003,CNE60520,cne60520,644,אביזרים וחלקי חילוף למקרר בקו,1,2
905,GN1406221GB,gn1406221gb,644,אביזרים וחלקי חילוף למקרר בקו,6,2
645,GN1406221X,gn1406221x,644,אביזרים וחלקי חילוף למקרר בקו,9,2
646,GN1406222GB,gn1406222gb,644,אביזרים וחלקי חילוף למקרר בקו,10,2
700,GN1406222GW,gn1406222gw,644,אביזרים וחלקי חילוף למקרר בקו,5,2
647,GN1406224XBR,gn1406224xbr,644,אביזרים וחלקי חילוף למקרר בקו,7,2
648,GN1406225XB,gn1406225xb,644,אביזרים וחלקי חילוף למקרר בקו,5,2
649,GN1518XBRP,gn1518xbrp,644,אביזרים וחלקי חילוף למקרר בקו,8,2
701,GNE114780X,gne114780x,644,אביזרים וחלקי חילוף למקרר בקו,2,2
1001,RCNA320E30PT,rcna320e30pt,644,אביזרים וחלקי חילוף למקרר בקו,1,2
768,B3T41011DW_IL,b3t41011dw_il,668,אביזרים וחלקי חילוף למייבש בקו,1,2
769,B3T68110,b3t68110,668,אביזרים וחלקי חילוף למייבש בקו,1,2
770,B3T69110,b3t69110,668,אביזרים וחלקי חילוף למייבש בקו,1,2
771,B5T4823I3,b5t4823i3,668,אביזרים וחלקי חילוף למייבש בקו,1,2
669,DC7211,dc7211,668,אביזרים וחלקי חילוף למייבש בקו,4,2
772,DRXS827A,drxs827a,668,אביזרים וחלקי חילוף למייבש בקו,1,2
670,DU8112TX0W,du8112tx0w,668,אביזרים וחלקי חילוף למייבש בקו,3,2
773,DV7121,dv7121,668,אביזרים וחלקי חילוף למייבש בקו,3,2
774,DV8121,dv8121,668,אביזרים וחלקי חילוף למייבש בקו,3,2
731,B3W51042I,b3w51042i,682,אביזרים וחלקי חילוף למכונת כביסה בקו,1,2
732,B3WFT58220,b3wft58220,682,אביזרים וחלקי חילוף למכונת כביסה בקו,1,2
683,CM7107,cm7107,682,אביזרים וחלקי חילוף למכונת כביסה בקו,2,2
733,CM9120BI,cm9120bi,682,אביזרים וחלקי חילוף למכונת כביסה בקו,1,2
684,T8100R,t8100r,682,אביזרים וחלקי חילוף למכונת כביסה בקו,2,2
685,TV7513XST,tv7513xst,682,אביזרים וחלקי חילוף למכונת כביסה בקו,2,2
996,FNE1073,fne1073,709,אביזרים וחלקי חילוף למקפיא בקו,1,2
997,FNE1075,fne1075,709,אביזרים וחלקי חילוף למקפיא בקו,1,2
993,RFNE276K32WN_IL,rfne276k32wn_il,709,אביזרים וחלקי חילוף למקפיא בקו,3,2
994,RFNE290L31WN,rfne290l31wn,709,אביזרים וחלקי חילוף למקפיא בקו,3,2
995,RFNE290L31WNP,rfne290l31wnp,709,אביזרים וחלקי חילוף למקפיא בקו,3,2
710,RFNE448E35W_IL,rfne448e35w_il,709,אביזרים וחלקי חילוף למקפיא בקו,1,2
751,BBCW13400X,bbcw13400x,724,אביזרים וחלקי חילוף לתנור בקו,2,2
810,BKDM22100X,bkdm22100x,724,אביזרים וחלקי חילוף לתנור בקו,2,2
759,FSE62120DW,fse62120dw,724,אביזרים וחלקי חילוף לתנור בקו,2,2
760,FSE62120DX,fse62120dx,724,אביזרים וחלקי חילוף לתנור בקו,2,2
811,FSM61330DXDSL,fsm61330dxdsl,724,אביזרים וחלקי חילוף לתנור בקו,2,2
725,KFDM62120DBDSL,kfdm62120dbdsl,724,אביזרים וחלקי חילוף לתנור בקו,4,2
726,KFDM62125DXDSL,kfdm62125dxdsl,724,אביזרים וחלקי חילוף לתנור בקו,3,2
791,DHB2934B,dhb2934b,790,אביזרים וחלקי חילוף לקולט אדים דה דיטריש,1,2
803,LCHP90IX,lchp90ix,802,אביזרים וחלקי חילוף לקולט אדים לה קאזה,1,2
841,CSEV8DGX-ISR,csev8dgx-isr,812,אביזרים וחלקי חילוף למייבש קנדי,1,2
837,CSO8DFX-ISR,cso8dfx-isr,812,אביזרים וחלקי חילוף למייבש קנדי,2,2
813,CSOC9EX-ISR,csoc9ex-isr,812,אביזרים וחלקי חילוף למייבש קנדי,1,2
814,CSOEC9DEX-ISR,csoec9dex-isr,812,אביזרים וחלקי חילוף למייבש קנדי,1,2
842,CSV8DGX-ISR,csv8dgx-isr,812,אביזרים וחלקי חילוף למייבש קנדי,1,2
838,GVS C9DCRG-80,gvs-c9dcrg-80,812,אביזרים וחלקי חילוף למייבש קנדי,1,2
815,ROC10TCEX-ISR,roc10tcex-isr,812,אביזרים וחלקי חילוף למייבש קנדי,2,2
816,ROH9A2TCEX-S,roh9a2tcex-s,812,אביזרים וחלקי חילוף למייבש קנדי,2,2
843,VTV581NC-80,vtv581nc-80,812,אביזרים וחלקי חילוף למייבש קנדי,2,2
818,אביזרים וחלקי חילוף למייבש קראון,%d7%9e%d7%99%d7%99%d7%91%d7%a9-crown,817,CROWN,3,1
847,אביזרים וחלקי חילוף למכונת כביסה קראון,%d7%9e%d7%9b%d7%95%d7%a0%d7%aa-%d7%9b%d7%91%d7%99%d7%a1%d7%94-crown,817,CROWN,3,1
894,אביזרים וחלקי חילוף לתנור קראון,%d7%aa%d7%a0%d7%95%d7%a8-crown,817,CROWN,1,1
819,CRD8GAL,crd8gal,818,אביזרים וחלקי חילוף למייבש קראון,2,2
1347,CRDT9CONW,crdt9conw,818,אביזרים וחלקי חילוף למייבש קראון,1,2
1348,CRT700DCT2,crt700dct2,818,אביזרים וחלקי חילוף למייבש קראון,1,2
1349,CRT800DCT2,crt800dct2,818,אביזרים וחלקי חילוף למייבש קראון,1,2
1350,CRT900DCT2,crt900dct2,818,אביזרים וחלקי חילוף למייבש קראון,1,2
961,ES-F014LW,es-f014lw,822,אביזרים וחלקי חילוף למייבש כביסה שארפ,0,2
962,ES-F812LW,es-f812lw,822,אביזרים וחלקי חילוף למייבש כביסה שארפ,0,2
823,KD-FCS9113CZ-S,kd-fcs9113cz-s,822,אביזרים וחלקי חילוף למייבש כביסה שארפ,1,2
825,LVD80W,lvd80w,824,אביזרים וחלקי חילוף למייבש לבמאט,2,2
826,LVD90W,lvd90w,824,אביזרים וחלקי חילוף למייבש לבמאט,3,2
1352,PD1050CONW,pd1050conw,827,אביזרים וחלקי חילוף למייבש פיילוט,1,2
1353,PD750CONW,pd750conw,827,אביזרים וחלקי חילוף למייבש פיילוט,1,2
828,PD8F4G,pd8f4g,827,אביזרים וחלקי חילוף למייבש פיילוט,2,2
829,PD9F4G,pd9f4g,827,אביזרים וחלקי חילוף למייבש פיילוט,2,2
831,FPJ30HB,fpj30hb,830,אביזרים וחלקי חילוף למטהר אוויר שארפ,2,2
832,FPJ50HW,fpj50hw,830,אביזרים וחלקי חילוף למטהר אוויר שארפ,3,2
835,FPS40HW/FPS40HT,fp-s40h,830,אביזרים וחלקי חילוף למטהר אוויר שארפ,3,2
833,FXJ80HW,fxj80hw,830,אביזרים וחלקי חילוף למטהר אוויר שארפ,3,2
834,FXS120HW/FXS120HH,fx-s120h,830,אביזרים וחלקי חילוף למטהר אוויר שארפ,4,2
848,CRW-516,crw-516,847,אביזרים וחלקי חילוף למכונת כביסה קראון,1,2
849,CRW-716,crw-716,847,אביזרים וחלקי חילוף למכונת כביסה קראון,1,2
850,CRWM-799,crwm-799,847,אביזרים וחלקי חילוף למכונת כביסה קראון,1,2
917,CRWM899,crwm899,847,אביזרים וחלקי חילוף למכונת כביסה קראון,2,2
852,LVW-1061,lvw-1061,851,אביזרים וחלקי חילוף למכונת כביסה לבמאט,1,2
855,LVW-7010,lvw-7010,851,אביזרים וחלקי חילוף למכונת כביסה לבמאט,1,2
853,LVW-8010,lvw-8010,851,אביזרים וחלקי חילוף למכונת כביסה לבמאט,1,2
854,LVW-9010,lvw-9010,851,אביזרים וחלקי חילוף למכונת כביסה לבמאט,2,2
914,LVW8120T,lvw8120t,851,אביזרים וחלקי חילוף למכונת כביסה לבמאט,2,2
913,LVW9140T,lvw9140t,851,אביזרים וחלקי חילוף למכונת כביסה לבמאט,2,2
859,אביזרים וחלקי חילוף למכונת כביסה ג'נרל,%d7%9e%d7%9b%d7%95%d7%a0%d7%aa-%d7%9b%d7%91%d7%99%d7%a1%d7%94-general,858,GENERAL,4,1
1307,אביזרים וחלקי חילוף למקרר ג'נרל,%d7%90%d7%91%d7%99%d7%96%d7%a8%d7%99%d7%9d-%d7%95%d7%97%d7%9c%d7%a7%d7%99-%d7%97%d7%99%d7%9c%d7%95%d7%a3-%d7%9c%d7%9e%d7%a7%d7%a8%d7%a8-%d7%92%d7%a0%d7%a8%d7%9c,858,GENERAL,1,1
862,GE6000,ge6000,859,אביזרים וחלקי חילוף למכונת כביסה ג'נרל,1,2
861,GE7010,ge7010,859,אביזרים וחלקי חילוף למכונת כביסה ג'נרל,1,2
1217,GE70MS,ge70ms,859,אביזרים וחלקי חילוף למכונת כביסה ג'נרל,1,2
916,GE800P,ge800p,859,אביזרים וחלקי חילוף למכונת כביסה ג'נרל,1,2
1218,GE80MW,ge80mw,859,אביזרים וחלקי חילוף למכונת כביסה ג'נרל,1,2
860,GE900P,ge900p,859,אביזרים וחלקי חילוף למכונת כביסה ג'נרל,2,2
1357,אביזרים וחלקי חילוף למייבש כביסה,%d7%90%d7%91%d7%99%d7%96%d7%a8%d7%99%d7%9d-%d7%95%d7%97%d7%9c%d7%a7%d7%99-%d7%97%d7%99%d7%9c%d7%95%d7%a3-%d7%9c%d7%9e%d7%99%d7%99%d7%91%d7%a9-%d7%9b%d7%91%d7%99%d7%a1%d7%94-stark,863,STARK,1,1
864,אביזרים וחלקי חילוף למכונת כביסה,%d7%9e%d7%9b%d7%95%d7%a0%d7%aa-%d7%9b%d7%91%d7%99%d7%a1%d7%94-stark,863,STARK,2,1
866,STK-WM7T1,stk-wm7t1,864,אביזרים וחלקי חילוף למכונת כביסה,1,2
865,STKWM8T1,stkwm8t1,864,אביזרים וחלקי חילוף למכונת כביסה,2,2
868,אביזרים וחלקי חילוף למכונת כביסה קינג,%d7%9e%d7%9b%d7%95%d7%a0%d7%aa-%d7%9b%d7%91%d7%99%d7%a1%d7%94-king,867,KING,1,1
869,KW-844,kw-844,868,אביזרים וחלקי חילוף למכונת כביסה קינג,1,2
871,PW-710,pw-710,870,אביזרים וחלקי חילוף למכונת כביסה פיילוט,1,2
872,PW-810,pw-810,870,אביזרים וחלקי חילוף למכונת כביסה פיילוט,3,2
873,PW-920,pw-920,870,אביזרים וחלקי חילוף למכונת כביסה פיילוט,2,2
877,LC6000,lc6000,874,אביזרים וחלקי חילוף למכונת כביסה לה קאזה,1,2
875,LC642S,lc642s,874,אביזרים וחלקי חילוף למכונת כביסה לה קאזה,1,2
878,LC7000,lc7000,874,אביזרים וחלקי חילוף למכונת כביסה לה קאזה,1,2
879,LC8000WM,lc8000wm,874,אביזרים וחלקי חילוף למכונת כביסה לה קאזה,1,2
915,LC800P,lc800p,874,אביזרים וחלקי חילוף למכונת כביסה לה קאזה,2,2
876,LC9000,lc9000,874,אביזרים וחלקי חילוף למכונת כביסה לה קאזה,2,2
912,LC900P,lc900p,874,אביזרים וחלקי חילוף למכונת כביסה לה קאזה,2,2
892,תנור,%d7%aa%d7%a0%d7%95%d7%a8-technogas,891,Technogas,1,1
893,D1BC96E6VC,d1bc96e6vc,892,תנור,1,2
895,CRBIM66,crbim66,894,אביזרים וחלקי חילוף לתנור קראון,1,2
896,CRBIM68B,crbim68b,894,אביזרים וחלקי חילוף לתנור קראון,1,2
899,CRBIM68X,crbim68x,894,אביזרים וחלקי חילוף לתנור קראון,1,2
897,CRBIM69B,crbim69b,894,אביזרים וחלקי חילוף לתנור קראון,1,2
898,CRT60BIMB,crt60bimb,894,אביזרים וחלקי חילוף לתנור קראון,1,2
919,אביזרים וחלקי חילוף למייבש א.א.ג,%d7%9e%d7%99%d7%99%d7%91%d7%a9-aeg,918,AEG,1,1
920,T65170AVM,t65170avm,919,אביזרים וחלקי חילוף למייבש א.א.ג,1,2
1186,FGA,fga,927,אביזרים וחלקי חילוף למיקסר קיצ'נאייד,1,2
1188,FGA-1,fga-1,927,אביזרים וחלקי חילוף למיקסר קיצ'נאייד,1,2
1187,FGA1,fga1,927,אביזרים וחלקי חילוף למיקסר קיצ'נאייד,1,2
1172,K45SS,k45ss,927,אביזרים וחלקי חילוף למיקסר קיצ'נאייד,2,2
477,K5SS,k5ss,927,אביזרים וחלקי חילוף למיקסר קיצ'נאייד,2,2
1189,KN15E1,kn15e1,927,אביזרים וחלקי חילוף למיקסר קיצ'נאייד,1,2
1178,KP2661,kp2661,927,אביזרים וחלקי חילוף למיקסר קיצ'נאייד,1,2
1179,KP50,kp50,927,אביזרים וחלקי חילוף למיקסר קיצ'נאייד,1,2
1180,KPM5,kpm5,927,אביזרים וחלקי חילוף למיקסר קיצ'נאייד,1,2
1181,KPM50,kpm50,927,אביזרים וחלקי חילוף למיקסר קיצ'נאייד,1,2
141,KSM 150/90,0-150-ksm,927,אביזרים וחלקי חילוף למיקסר קיצ'נאייד,19,2
142,KSM 7580,ksm7580,927,אביזרים וחלקי חילוף למיקסר קיצ'נאייד,12,2
461,KSM103,ksm103,927,אביזרים וחלקי חילוף למיקסר קיצ'נאייד,1,2
1175,KSM150,ksm150,927,אביזרים וחלקי חילוף למיקסר קיצ'נאייד,3,2
1176,KSM151,ksm151,927,אביזרים וחלקי חילוף למיקסר קיצ'נאייד,1,2
1177,KSM152,ksm152,927,אביזרים וחלקי חילוף למיקסר קיצ'נאייד,1,2
1213,KSM175,ksm175,927,אביזרים וחלקי חילוף למיקסר קיצ'נאייד,1,2
1173,KSM50,ksm50,927,אביזרים וחלקי חילוף למיקסר קיצ'נאייד,1,2
564,KSM7581,ksm7581,927,אביזרים וחלקי חילוף למיקסר קיצ'נאייד,4,2
565,KSM7591,ksm7591,927,אביזרים וחלקי חילוף למיקסר קיצ'נאייד,4,2
1174,KSM90,ksm90,927,אביזרים וחלקי חילוף למיקסר קיצ'נאייד,2,2
1212,KSM95,ksm95,927,אביזרים וחלקי חילוף למיקסר קיצ'נאייד,1,2
1185,KSMC50,ksmc50,927,אביזרים וחלקי חילוף למיקסר קיצ'נאייד,1,2
1183,KT2651,kt2651,927,אביזרים וחלקי חילוף למיקסר קיצ'נאייד,1,2
1184,KT2671,kt2671,927,אביזרים וחלקי חילוף למיקסר קיצ'נאייד,1,2
1182,KV25,kv25,927,אביזרים וחלקי חילוף למיקסר קיצ'נאייד,1,2
566,5KSB1565,5ksb1565,928,אביזרים וחלקי חילוף למעבד מזון קיצ'נאייד,1,2
1170,Cook Expert,cook-expert,940,אביזרים וחלקי חילוף למעבד מזון מג'ימיקס,1,2
154,CS-2100,cs-2100,940,אביזרים וחלקי חילוף למעבד מזון מג'ימיקס,3,2
153,CS-3100,cs-3100,940,אביזרים וחלקי חילוף למעבד מזון מג'ימיקס,6,2
1169,CS-3200,cs-3200,940,אביזרים וחלקי חילוף למעבד מזון מג'ימיקס,3,2
146,CS-3200/3150,cs-3200-3150,940,אביזרים וחלקי חילוף למעבד מזון מג'ימיקס,25,2
145,CS-3200XL,cs-3200xl,940,אביזרים וחלקי חילוף למעבד מזון מג'ימיקס,29,2
1168,CS-4000,cs-4000,940,אביזרים וחלקי חילוף למעבד מזון מג'ימיקס,3,2
152,CS-4100,cs-4100,940,אביזרים וחלקי חילוף למעבד מזון מג'ימיקס,11,2
1167,CS-4150,cs-4150,940,אביזרים וחלקי חילוף למעבד מזון מג'ימיקס,6,2
151,CS-4200,cs-4200,940,אביזרים וחלקי חילוף למעבד מזון מג'ימיקס,37,2
150,CS-4200XL,cs-4200xl,940,אביזרים וחלקי חילוף למעבד מזון מג'ימיקס,35,2
149,CS-5100,cs-5100,940,אביזרים וחלקי חילוף למעבד מזון מג'ימיקס,10,2
1151,CS-5150,cs-5150,940,אביזרים וחלקי חילוף למעבד מזון מג'ימיקס,5,2
148,CS-5200,cs-5200,940,אביזרים וחלקי חילוף למעבד מזון מג'ימיקס,34,2
1152,CS-5200WXL,cs-5200wxl,940,אביזרים וחלקי חילוף למעבד מזון מג'ימיקס,8,2
147,CS-5200XL,cs-5200xl,940,אביזרים וחלקי חילוף למעבד מזון מג'ימיקס,39,2
476,CS4200RXL,cs4200rxl,940,אביזרים וחלקי חילוף למעבד מזון מג'ימיקס,8,2
475,CS6200XLD,cs6200xld,940,אביזרים וחלקי חילוף למעבד מזון מג'ימיקס,7,2
944,LVM7601IN,lvm7601in,943,אביזרים וחלקי חילוף למדיח כלים לבאמט,2,2
945,LVM7713FI,lvm7713fi,943,אביזרים וחלקי חילוף למדיח כלים לבאמט,2,2
964,DWF394QWE,dwf394qwe,963,אביזרים וחלקי חילוף למכונת כביסה דה דיטריש,1,2
966,אביזרים וחלקי חילוף למייבש רוזייר,%d7%90%d7%91%d7%99%d7%96%d7%a8%d7%99%d7%9d-%d7%95%d7%97%d7%9c%d7%a7%d7%99-%d7%97%d7%99%d7%9c%d7%95%d7%a3-%d7%9c%d7%9e%d7%99%d7%99%d7%91%d7%a9-%d7%a8%d7%95%d7%96%d7%99%d7%99%d7%a8,965,Rosieres,1,1
967,RFC5M594PN,rfc5m594pn,966,אביזרים וחלקי חילוף למייבש רוזייר,1,2
983,WQP8-7710C,wqp8-7710c,982,אביזרים וחלקי חילוף למדיח כלים לה קאזה,1,2
1053,שלטים לטלוויזיות,%d7%a9%d7%9c%d7%98%d7%99%d7%9d-%d7%9c%d7%98%d7%9c%d7%95%d7%95%d7%99%d7%96%d7%99%d7%95%d7%aa,1052,TCL,2,1
1071,43C725,43c725,1053,שלטים לטלוויזיות,1,2
1078,43DP628,43dp628,1053,שלטים לטלוויזיות,1,2
1082,43DP648,43dp648,1053,שלטים לטלוויזיות,1,2
1086,43EP648,43ep648,1053,שלטים לטלוויזיות,1,2
1090,43EP668,43ep668,1053,שלטים לטלוויזיות,1,2
1066,43P615,43p615,1053,שלטים לטלוויזיות,1,2
1063,43P617,43p617,1053,שלטים לטלוויזיות,1,2
1075,50C715,50c715,1053,שלטים לטלוויזיות,1,2
1072,50C725,50c725,1053,שלטים לטלוויזיות,1,2
1079,50DP628,50dp628,1053,שלטים לטלוויזיות,1,2
1083,50DP648,50dp648,1053,שלטים לטלוויזיות,1,2
1087,50EP648,50ep648,1053,שלטים לטלוויזיות,1,2
1091,50EP668,50ep668,1053,שלטים לטלוויזיות,1,2
1067,50P615,50p615,1053,שלטים לטלוויזיות,1,2
1064,50P617,50p617,1053,שלטים לטלוויזיות,1,2
1076,55C715,55c715,1053,שלטים לטלוויזיות,1,2
1073,55C725,55c725,1053,שלטים לטלוויזיות,1,2
1080,55DP628,55dp628,1053,שלטים לטלוויזיות,1,2
1084,55DP648,55dp648,1053,שלטים לטלוויזיות,1,2
1088,55EP648,55ep648,1053,שלטים לטלוויזיות,1,2
1092,55EP668,55ep668,1053,שלטים לטלוויזיות,1,2
1068,55P615,55p615,1053,שלטים לטלוויזיות,1,2
1061,55P617,55p617,1053,שלטים לטלוויזיות,1,2
1054,55P89K,55p89k,1053,שלטים לטלוויזיות,1,2
1077,65C715,65c715,1053,שלטים לטלוויזיות,1,2
1074,65C725,65c725,1053,שלטים לטלוויזיות,1,2
1081,65DP628,65dp628,1053,שלטים לטלוויזיות,1,2
1085,65DP648,65dp648,1053,שלטים לטלוויזיות,1,2
1089,65EP648,65ep648,1053,שלטים לטלוויזיות,1,2
1093,65EP668,65ep668,1053,שלטים לטלוויזיות,1,2
1069,65P615,65p615,1053,שלטים לטלוויזיות,1,2
1062,65P617,65p617,1053,שלטים לטלוויזיות,1,2
1070,75P615,75p615,1053,שלטים לטלוויזיות,1,2
1065,75P617,75p617,1053,שלטים לטלוויזיות,1,2
1057,55S800,55s800,1055,שלטים לטלוויזיות,1,2
1056,65S800,65s800,1055,שלטים לטלוויזיות,1,2
1442,C32K6G,c32k6g,1055,שלטים לטלוויזיות,1,2
1429,H32K66G,h32k66g,1055,שלטים לטלוויזיות,1,2
1430,H32K66GH,h32k66gh,1055,שלטים לטלוויזיות,1,2
1423,H32K66UG,h32k66ug,1055,שלטים לטלוויזיות,1,2
1441,H32K800X,h32k800x,1055,שלטים לטלוויזיות,1,2
1424,H43K66UG,h43k66ug,1055,שלטים לטלוויזיות,1,2
1443,H43K66UG Plus,h43k66ug-plus,1055,שלטים לטלוויזיות,1,2
1437,H43K800FX,h43k800fx,1055,שלטים לטלוויזיות,1,2
1436,H43K800UX,h43k800ux,1055,שלטים לטלוויזיות,1,2
1431,H43P7UX,h43p7ux,1055,שלטים לטלוויזיות,1,2
1425,H50K66UG,h50k66ug,1055,שלטים לטלוויזיות,1,2
1444,H50K66UG Plus,h50k66ug-plus,1055,שלטים לטלוויזיות,1,2
1438,H50K800UX,h50k800ux,1055,שלטים לטלוויזיות,1,2
1432,H50P7UX,h50p7ux,1055,שלטים לטלוויזיות,1,2
1419,H50S6UG,h50s6ug,1055,שלטים לטלוויזיות,1,2
1426,H55K66UG,h55k66ug,1055,שלטים לטלוויזיות,1,2
1445,H55K66UG Plus,h55k66ug-plus,1055,שלטים לטלוויזיות,1,2
1439,H55K800UX,h55k800ux,1055,שלטים לטלוויזיות,1,2
1433,H55P7UX,h55p7ux,1055,שלטים לטלוויזיות,1,2
1420,H55S6UG,h55s6ug,1055,שלטים לטלוויזיות,1,2
1427,H58K66UG,h58k66ug,1055,שלטים לטלוויזיות,1,2
1428,H65K66UG,h65k66ug,1055,שלטים לטלוויזיות,1,2
1446,H65K66UG Plus,h65k66ug-plus,1055,שלטים לטלוויזיות,1,2
1440,H65K800UX,h65k800ux,1055,שלטים לטלוויזיות,1,2
1434,H65P7UX,h65p7ux,1055,שלטים לטלוויזיות,1,2
1421,H65S6UG,h65s6ug,1055,שלטים לטלוויזיות,1,2
1435,H75P7UX,h75p7ux,1055,שלטים לטלוויזיות,1,2
1422,LE40K6600G,le40k6600g,1055,שלטים לטלוויזיות,1,2
1059,שלטים לטלוויזיות,%d7%a9%d7%9c%d7%98%d7%99%d7%9d-%d7%9c%d7%98%d7%9c%d7%95%d7%95%d7%99%d7%96%d7%99%d7%95%d7%aa-hisenes,1058,HISENES,2,1
1094,43A69N,43a69n,1059,שלטים לטלוויזיות,1,2
1095,50A69N,50a69n,1059,שלטים לטלוויזיות,1,2
1096,55A69N,55a69n,1059,שלטים לטלוויזיות,1,2
1097,58A69N,58a69n,1059,שלטים לטלוויזיות,1,2
1098,65A69N,65a69n,1059,שלטים לטלוויזיות,1,2
1447,65U82,65u82,1059,שלטים לטלוויזיות,1,2
1060,75A69K,75a69k,1059,שלטים לטלוויזיות,1,2
1099,75A69N,75a69n,1059,שלטים לטלוויזיות,1,2
1448,75U82,75u82,1059,שלטים לטלוויזיות,1,2
1100,85A69N,85a69n,1059,שלטים לטלוויזיות,1,2
1449,85U82,85u82,1059,שלטים לטלוויזיות,1,2
1118,שלטים לטלוויזיות,%d7%a9%d7%9c%d7%98%d7%99%d7%9d-%d7%9c%d7%98%d7%9c%d7%95%d7%95%d7%99%d7%96%d7%99%d7%95%d7%aa-toshiba,1117,TOSHIBA,1,1
1143,32L4750A,32l4750a,1118,שלטים לטלוויזיות,1,2
1125,43U7750,43u7750,1118,שלטים לטלוויזיות,1,2
1130,43U7750VE,43u7750ve,1118,שלטים לטלוויזיות,1,2
1135,43U7750VN,43u7750vn,1118,שלטים לטלוויזיות,1,2
1119,43U7880,43u7880,1118,שלטים לטלוויזיות,1,2
1126,49U7750,49u7750,1118,שלטים לטלוויזיות,1,2
1131,49U7750VE,49u7750ve,1118,שלטים לטלוויזיות,1,2
1136,49U7750VN,49u7750vn,1118,שלטים לטלוויזיות,1,2
1120,49U7880,49u7880,1118,שלטים לטלוויזיות,1,2
1140,49U9750,49u9750,1118,שלטים לטלוויזיות,1,2
1127,55U7750,55u7750,1118,שלטים לטלוויזיות,1,2
1132,55U7750VE,55u7750ve,1118,שלטים לטלוויזיות,1,2
1137,55U7750VN,55u7750vn,1118,שלטים לטלוויזיות,1,2
1121,55U7880,55u7880,1118,שלטים לטלוויזיות,1,2
1141,55U9750,55u9750,1118,שלטים לטלוויזיות,1,2
1122,58U7880,58u7880,1118,שלטים לטלוויזיות,1,2
1128,65U7750,65u7750,1118,שלטים לטלוויזיות,1,2
1133,65U7750VE,65u7750ve,1118,שלטים לטלוויזיות,1,2
1138,65U7750VN,65u7750vn,1118,שלטים לטלוויזיות,1,2
1123,65U7880VQ,65u7880vq,1118,שלטים לטלוויזיות,1,2
1142,65U9750,65u9750,1118,שלטים לטלוויזיות,1,2
1129,75U7750,75u7750,1118,שלטים לטלוויזיות,1,2
1134,75U7750VE,75u7750ve,1118,שלטים לטלוויזיות,1,2
1139,75U7750VN,75u7750vn,1118,שלטים לטלוויזיות,1,2
1124,75U7880,75u7880,1118,שלטים לטלוויזיות,1,2
1154,אביזרים וחלקי חילוף למגהץ קיטור,%d7%90%d7%91%d7%99%d7%96%d7%a8%d7%99%d7%9d-%d7%95%d7%97%d7%9c%d7%a7%d7%99-%d7%97%d7%99%d7%9c%d7%95%d7%a3-%d7%9c%d7%9e%d7%92%d7%94%d7%a5-%d7%a7%d7%99%d7%98%d7%95%d7%a8,1153,Rowenta,1,1
1161,DG8560F0,dg8560f0,1154,אביזרים וחלקי חילוף למגהץ קיטור,1,2
1162,DG8570F0,dg8570f0,1154,אביזרים וחלקי חילוף למגהץ קיטור,1,2
1163,DG8960F0,dg8960f0,1154,אביזרים וחלקי חילוף למגהץ קיטור,1,2
1164,DG8961F0,dg8961f0,1154,אביזרים וחלקי חילוף למגהץ קיטור,1,2
1165,DG8975F0,dg8975f0,1154,אביזרים וחלקי חילוף למגהץ קיטור,1,2
1155,DG9222F0,dg9222f0,1154,אביזרים וחלקי חילוף למגהץ קיטור,1,2
1156,DG9224F0,dg9224f0,1154,אביזרים וחלקי חילוף למגהץ קיטור,1,2
1157,DG9226F0,dg9226f0,1154,אביזרים וחלקי חילוף למגהץ קיטור,1,2
1158,DG9246F0,dg9246f0,1154,אביזרים וחלקי חילוף למגהץ קיטור,1,2
1159,DG9248F0,dg9248f0,1154,אביזרים וחלקי חילוף למגהץ קיטור,1,2
1160,DG9268F0,dg9268f0,1154,אביזרים וחלקי חילוף למגהץ קיטור,1,2
1210,אביזרים וחלקי חילוף למכונות קפה,%d7%90%d7%91%d7%99%d7%96%d7%a8%d7%99%d7%9d-%d7%95%d7%97%d7%9c%d7%a7%d7%99-%d7%97%d7%99%d7%9c%d7%95%d7%a3-%d7%9c%d7%9e%d7%9b%d7%95%d7%a0%d7%95%d7%aa-%d7%a7%d7%a4%d7%94,1209,KRUPS,1,1
1211,EA875E10,ea875e10,1210,אביזרים וחלקי חילוף למכונות קפה,1,2
1215,BL10MG,bl10mg,1214,אביזרים וחלקי חילוף למכונת כביסה,1,2
1216,BL80MS,bl80ms,1214,אביזרים וחלקי חילוף למכונת כביסה,1,2
1220,אביזרים וחלקי חילוף למכונת כביסה,%d7%90%d7%91%d7%99%d7%96%d7%a8%d7%99%d7%9d-%d7%95%d7%97%d7%9c%d7%a7%d7%99-%d7%97%d7%99%d7%9c%d7%95%d7%a3-%d7%9c%d7%9e%d7%9b%d7%95%d7%a0%d7%aa-%d7%9b%d7%91%d7%99%d7%a1%d7%94-chiq,1219,CHIQ,1,1
1221,MC-W708W,mc-w708w,1220,אביזרים וחלקי חילוף למכונת כביסה,1,2
1222,MC-W718B,mc-w718b,1220,אביזרים וחלקי חילוף למכונת כביסה,1,2
1234,אביזרים וחלקי חילוף למקרר אמנה,%d7%90%d7%91%d7%99%d7%96%d7%a8%d7%99%d7%9d-%d7%95%d7%97%d7%9c%d7%a7%d7%99-%d7%97%d7%99%d7%9c%d7%95%d7%a3-%d7%9c%d7%9e%d7%a7%d7%a8%d7%a8-%d7%90%d7%9e%d7%a0%d7%94,1233,Amana,6,1
1387,G32526PEKS,g32526peks,1234,אביזרים וחלקי חילוף למקרר אמנה,1,2
1235,G32526PEKW,g32526pekw,1234,אביזרים וחלקי חילוף למקרר אמנה,2,2
1289,GB5525PEKW,gb5525pekw,1234,אביזרים וחלקי חילוף למקרר אמנה,1,2
1386,XRBS209BWR,xrbs209bwr,1234,אביזרים וחלקי חילוף למקרר אמנה,1,2
1299,אביזרים וחלקי חילוף למקרר שולטס,%d7%90%d7%91%d7%99%d7%96%d7%a8%d7%99%d7%9d-%d7%95%d7%97%d7%9c%d7%a7%d7%99-%d7%97%d7%99%d7%9c%d7%95%d7%a3-%d7%9c%d7%9e%d7%a7%d7%a8%d7%a8-%d7%a9%d7%95%d7%9c%d7%98%d7%a1,1298,Scholtes,1,1
1300,SORF1197NFI,sorf1197nfi,1299,אביזרים וחלקי חילוף למקרר שולטס,1,2
1308,GE450GW,ge450gw,1307,אביזרים וחלקי חילוף למקרר ג'נרל,1,2
1321,שלטים לטלוויזיות,%d7%a9%d7%9c%d7%98%d7%99%d7%9d-%d7%9c%d7%98%d7%9c%d7%95%d7%95%d7%99%d7%96%d7%99%d7%95%d7%aa-hyundai,1320,Hyundai,1,1
1328,50LD400,50ld400,1321,שלטים לטלוויזיות,1,2
1327,55LD400,55ld400,1321,שלטים לטלוויזיות,1,2
1322,65DL400,65dl400,1321,שלטים לטלוויזיות,1,2
1329,85LD400,85ld400,1321,שלטים לטלוויזיות,1,2
1325,HATV-50LD400,hatv-50ld400,1321,שלטים לטלוויזיות,1,2
1324,HATV-55LD400,hatv-55ld400,1321,שלטים לטלוויזיות,1,2
1323,HATV-65LD400,hatv-65ld400,1321,שלטים לטלוויזיות,1,2
1326,HATV-85LD400,hatv-85ld400,1321,שלטים לטלוויזיות,1,2
1408,CS1292DRRE/1,cs1292drre-1,1330,אביזרים וחלקי חילוף למכונת כביסה,1,2
1331,GVF1413TWHCR/1-S,gvf1413twhcr-1-s,1330,אביזרים וחלקי חילוף למכונת כביסה,1,2
1332,GVF1413TWHCRQ1-S,gvf1413twhcrq1-s,1330,אביזרים וחלקי חילוף למכונת כביסה,1,2
1333,ROW41494DWMCE-S,row41494dwmce-s,1330,אביזרים וחלקי חילוף למכונת כביסה,1,2
1355,אביזרים וחלקי חילוף למייבש כביסה,%d7%90%d7%91%d7%99%d7%96%d7%a8%d7%99%d7%9d-%d7%95%d7%97%d7%9c%d7%a7%d7%99-%d7%97%d7%99%d7%9c%d7%95%d7%a3-%d7%9c%d7%9e%d7%99%d7%99%d7%91%d7%a9-%d7%9b%d7%91%d7%99%d7%a1%d7%94,1354,Schneider,1,1
1356,SC7T1CONW,sc7t1conw,1355,אביזרים וחלקי חילוף למייבש כביסה,1,2
1358,STKD9T1,stkd9t1,1357,אביזרים וחלקי חילוף למייבש כביסה,1,2
1391,P43UHD,p43uhd,1388,שלטים לטלוויזיות,1,2
1389,P50UAC,p50uac,1388,שלטים לטלוויזיות,1,2
1390,P65UAC,p65uac,1388,שלטים לטלוויזיות,1,2
1397,AL800040,al800040,1392,אביזרים וחלקי חילוף לסיר טיגון,1,2
1396,AL800041,al800041,1392,אביזרים וחלקי חילוף לסיר טיגון,1,2
1395,AL806040,al806040,1392,אביזרים וחלקי חילוף לסיר טיגון,1,2
1394,AL806041,al806041,1392,אביזרים וחלקי חילוף לסיר טיגון,1,2
1393,AL806240,al806240,1392,אביזרים וחלקי חילוף לסיר טיגון,1,2
1399,FZ700215,fz700215,1392,אביזרים וחלקי חילוף לסיר טיגון,1,2
1398,FZ710840,fz710840,1392,אביזרים וחלקי חילוף לסיר טיגון,1,2
1401,GH800015,gh800015,1392,אביזרים וחלקי חילוף לסיר טיגון,1,2
1400,GH806215,gh806215,1392,אביזרים וחלקי חילוף לסיר טיגון,1,2
